"Fecha"|"Porc_ocupacion"|"Tarifa_promedio"|"Revpar"|"Totaltarifa_ocupadas"|"Propiedad"
"2025-01-01"|0.41025599999999995|325980.4375|133717.1724|5215687|"Sites BAQ"
"2025-01-02"|0.307692|314749.75|96817.0231|3776997|"Sites BAQ"
"2025-01-03"|0.307692|303291.5|93292.4654|3639498|"Sites BAQ"
"2025-01-04"|0.333333|332356.6923|110774.4848|4320637|"Sites BAQ"
"2025-01-05"|0.435897|327380.8824|142672.5875|5565475|"Sites BAQ"
"2025-01-06"|0.307692|288004.4167|88590.1565|3456053|"Sites BAQ"
"2025-01-07"|0.384615|296057.5333|113863.726|4440863|"Sites BAQ"
"2025-01-08"|0.538462|280486.0952|151013.7109|5890208|"Sites BAQ"
"2025-01-09"|0.384615|293904.1333|113035.5284|4408562|"Sites BAQ"
"2025-01-10"|0.333333|299222.0769|99730.7159|3889887|"Sites BAQ"
"2025-01-11"|0.435897|273773|119310.2734|4654141|"Sites BAQ"
"2025-01-12"|0.307692|247845.6667|76237.325|2974148|"Sites BAQ"
"2025-01-13"|0.307692|240214.1667|73889.8756|2882570|"Sites BAQ"
"2025-01-14"|0.307692|241060.5833|74150.2344|2892727|"Sites BAQ"
"2025-01-15"|0.384615|241026.2|92698.6765|3615393|"Sites BAQ"
"2025-01-16"|0.48717900000000003|250174.1579|121859.8285|4753309|"Sites BAQ"
"2025-01-17"|0.615385|251016.6667|154450.5509|6024400|"Sites BAQ"
"2025-01-18"|0.35897399999999996|282287.2857|101312.9048|3952022|"Sites BAQ"
"2025-01-19"|0.25640999999999997|247881.8|63556.8935|2478818|"Sites BAQ"
"2025-01-20"|0.41025599999999995|273002.375|111985.5722|4368038|"Sites BAQ"
"2025-01-21"|0.589744|258990.8696|152726.9101|5956790|"Sites BAQ"
"2025-01-22"|0.435897|255519.5882|111355.433|4343833|"Sites BAQ"
"2025-01-23"|0.333333|266876.6923|88950.0008|3469397|"Sites BAQ"
"2025-01-24"|0.41025599999999995|276979.3125|113616.913|4431669|"Sites BAQ"
"2025-01-25"|0.564103|291430.2273|164395.7871|6411465|"Sites BAQ"
"2025-01-26"|0.41025599999999995|271139.8125|111221.5501|4338237|"Sites BAQ"
"2025-01-27"|0.769231|249424.1333|191857.0408|7482724|"Sites BAQ"
"2025-01-28"|0.769231|249353.3333|191802.5814|7480600|"Sites BAQ"
"2025-01-29"|0.74359|247669.6552|184142.3848|7182420|"Sites BAQ"
"2025-01-30"|0.512821|258229.35|132420.0107|5164587|"Sites BAQ"
"2025-01-31"|0.41025599999999995|271648.6875|111430.2885|4346379|"Sites BAQ"
"2025-02-01"|0.41025599999999995|282981.625|116079.0605|4527706|"Sites BAQ"
"2025-02-02"|0.23076899999999997|245725.6667|56688.9098|2211531|"Sites BAQ"
"2025-02-03"|0.35897399999999996|248575.6429|89213.7972|3480059|"Sites BAQ"
"2025-02-04"|0.435897|238317.3529|103858.7011|4051395|"Sites BAQ"
"2025-02-05"|0.48717900000000003|245749.9474|119704.7958|4669249|"Sites BAQ"
"2025-02-06"|0.41025599999999995|271016.3125|111170.8904|4336261|"Sites BAQ"
"2025-02-07"|0.48717900000000003|263348.5263|128277.0641|5003622|"Sites BAQ"
"2025-02-08"|0.35897399999999996|256414.2857|92027.0851|3589800|"Sites BAQ"
"2025-02-09"|0.17948699999999998|240872.4286|43212.5121|1686107|"Sites BAQ"
"2025-02-10"|0.282051|262950.9091|74152.1538|2892460|"Sites BAQ"
"2025-02-11"|0.307692|268898.1667|82713.074|3226778|"Sites BAQ"
"2025-02-12"|0.769231|300360.4667|231037.2658|9010814|"Sites BAQ"
"2025-02-13"|0.538462|322159.7143|173450.7879|6765354|"Sites BAQ"
"2025-02-14"|0.48717900000000003|274878.5263|133893.3271|5222692|"Sites BAQ"
"2025-02-15"|0.435897|269128.2353|117286.0826|4575180|"Sites BAQ"
"2025-02-16"|0.538462|264174.1905|142231.3839|5547658|"Sites BAQ"
"2025-02-17"|0.48717900000000003|274467.4737|133693.1046|5214882|"Sites BAQ"
"2025-02-18"|0.666667|266880.6923|177902.668|6938898|"Sites BAQ"
"2025-02-19"|0.794872|394451.7419|313510.243|12228004|"Sites BAQ"
"2025-02-20"|0.791667|790838.1316|626027.4637|30051849|"Sites BAQ"
"2025-02-21"|0.916667|652128|597740.5248|28693632|"Sites BAQ"
"2025-02-22"|0.625|550907.9|344317.4375|16527237|"Sites BAQ"
"2025-02-23"|0.291667|288300.4286|84068.4025|4036206|"Sites BAQ"
"2025-02-24"|0.479167|257031.6522|123143.8635|5911728|"Sites BAQ"
"2025-02-25"|0.4375|281125.1429|122992.2488|5903628|"Sites BAQ"
"2025-02-26"|0.625|315565.5333|197228.4563|9466966|"Sites BAQ"
"2025-02-27"|0.520833|368042.44|191676.5028|9201061|"Sites BAQ"
"2025-02-28"|0.75|942904.8889|707178.66|33944576|"Sites BAQ"
"2025-03-01"|0.958333|1018649.5435|976171.8542|46857879|"Sites BAQ"
"2025-03-02"|0.583333|530788.3571|309608.8446|14862074|"Sites BAQ"
"2025-03-03"|0.4375|444195.7143|194335.6231|9328110|"Sites BAQ"
"2025-03-04"|0.20833300000000002|345103.7|71885.1007|3451037|"Sites BAQ"
"2025-03-05"|0.333333|283082.5|94351.3973|4529320|"Sites BAQ"
"2025-03-06"|0.354167|287724.4118|101883.2136|4891315|"Sites BAQ"
"2025-03-07"|0.479167|276262.3043|132357.2679|6354033|"Sites BAQ"
"2025-03-08"|0.395833|257240.8421|101815.9245|4887576|"Sites BAQ"
"2025-03-09"|0.3125|257799.5333|80562.3531|3866993|"Sites BAQ"
"2025-03-10"|0.645833|287033.2581|185366.0729|8898031|"Sites BAQ"
"2025-03-11"|0.6875|300182.303|206375.3313|9906016|"Sites BAQ"
"2025-03-12"|0.729167|307822.1143|224433.1004|10773774|"Sites BAQ"
"2025-03-13"|0.770833|313768.4054|241852.6827|11609431|"Sites BAQ"
"2025-03-14"|0.75|295849.8611|221887.395|10650595|"Sites BAQ"
"2025-03-15"|0.395833|314278.5263|124391.4382|5971292|"Sites BAQ"
"2025-03-16"|0.1875|294717|55259.4375|2652453|"Sites BAQ"
"2025-03-17"|0.22916699999999998|280152.0909|64182.8438|3081673|"Sites BAQ"
"2025-03-18"|0.520833|262712.6|136820.7221|6567815|"Sites BAQ"
"2025-03-19"|0.604167|267454.5517|161569.2937|7756182|"Sites BAQ"
"2025-03-20"|0.458333|276453.8182|126698.7811|6081984|"Sites BAQ"
"2025-03-21"|0.520833|286789.68|149360.0653|7169742|"Sites BAQ"
"2025-03-22"|0.4375|316796.6667|138598.5388|6652730|"Sites BAQ"
"2025-03-23"|0.416667|317508.6|132274.0828|6350172|"Sites BAQ"
"2025-03-24"|0.6875|475915.7273|327192.0575|15705219|"Sites BAQ"
"2025-03-25"|0.9375|687328.2444|644370.225|30929771|"Sites BAQ"
"2025-03-26"|0.5|246543.625|123271.81|5917047|"Sites BAQ"
"2025-03-27"|0.416667|225957.4|94133.8528|4519148|"Sites BAQ"
"2025-03-28"|0.520833|234680.32|122221.5107|5867008|"Sites BAQ"
"2025-03-29"|0.16666699999999998|271052.125|45157.2832|2168417|"Sites BAQ"
"2025-03-30"|0.0625|311771.3333|19485.7081|935314|"Sites BAQ"
"2025-03-31"|0.1875|264011|49502.0625|2376099|"Sites BAQ"
"2025-04-01"|0.22916699999999998|258671.9091|59261.7323|2845391|"Sites BAQ"
"2025-04-02"|0.520833|275877.36|143676.9291|6896934|"Sites BAQ"
"2025-04-03"|0.5|258821.75|129410.875|6211722|"Sites BAQ"
"2025-04-04"|0.5625|253626.7407|142665.0413|6847922|"Sites BAQ"
"2025-04-05"|0.354167|279928.4118|99122.65|4758783|"Sites BAQ"
"2025-04-06"|0.270833|272320.8462|73744.4835|3540171|"Sites BAQ"
"2025-04-07"|0.3125|279359.2|87299.75|4190388|"Sites BAQ"
"2025-04-08"|0.416667|264547.8365|110210.626|5290956.73|"Sites BAQ"
"2025-04-09"|0.9375|295283.2667|276828.0563|13287747|"Sites BAQ"
"2025-04-10"|0.583333|278014.1071|162165.6245|7784395|"Sites BAQ"
"2025-04-11"|0.395833|271422.5789|107429.0532|5157029|"Sites BAQ"
"2025-04-12"|0.354167|256084.4118|90679.4896|4353435|"Sites BAQ"
"2025-04-13"|0.25|260946.3333|65236.5825|3131356|"Sites BAQ"
"2025-04-14"|0.333333|258292.9375|86089.0336|4132687|"Sites BAQ"
"2025-04-15"|0.395833|254244.7368|100630.0641|4830650|"Sites BAQ"
"2025-04-16"|0.354167|271199.7647|96031.835|4610396|"Sites BAQ"
"2025-04-17"|0.291667|296647|86502.2652|4153058|"Sites BAQ"
"2025-04-18"|0.3125|311864.5333|97457.6656|4677968|"Sites BAQ"
"2025-04-19"|0.25|298868.0833|74717.02|3586417|"Sites BAQ"
"2025-04-20"|0.041666999999999996|220074.5|9155.0992|440149|"Sites BAQ"
"2025-04-21"|0.10416700000000001|253000|26337.3|1265000|"Sites BAQ"
"2025-04-22"|0.22916699999999998|237065.4545|54311.6946|2607720|"Sites BAQ"
"2025-04-23"|0.479167|274577.1304|131549.903|6315274|"Sites BAQ"
"2025-04-24"|0.36363599999999996|266356.9167|96847.3725|6392566|"Sites BAQ"
"2025-04-25"|1|305993.4091|305993.4|20195565|"Sites BAQ"
"2025-04-26"|0.9393940000000001|295189.9839|277271.9482|18301779|"Sites BAQ"
"2025-04-27"|0.136364|246893.6667|33651.6059|2222043|"Sites BAQ"
"2025-04-28"|0.257576|266697.1176|68674.5058|4533851|"Sites BAQ"
"2025-04-29"|0.40909100000000004|266671.4074|109068.6026|7200128|"Sites BAQ"
"2025-04-30"|0.151515|254903.6|38617.8954|2549036|"Sites BAQ"
"2025-05-01"|0.16666699999999998|220329.6364|36706.9164|2423626|"Sites BAQ"
"2025-05-02"|0.151515|189132.4|28653.5586|1891324|"Sites BAQ"
"2025-05-03"|0.242424|234396.9375|56817.8158|3750351|"Sites BAQ"
"2025-05-04"|0.151515|262842|39820.563|2628420|"Sites BAQ"
"2025-05-05"|0.16666699999999998|265740.2727|44272.329|2923143|"Sites BAQ"
"2025-05-06"|0.30303|269555.8|81675.4074|5391116|"Sites BAQ"
"2025-05-07"|0.257576|266306.7059|68573.9753|4527214|"Sites BAQ"
"2025-05-08"|0.151515|279854.3|42397.9265|2798543|"Sites BAQ"
"2025-05-09"|0.18181799999999998|234365.4167|42607.6315|2812385|"Sites BAQ"
"2025-05-10"|0.121212|208669.5|25290.7434|1669356|"Sites BAQ"
"2025-05-11"|0.136364|231448.5556|31546.4374|2083037|"Sites BAQ"
"2025-05-12"|0.212121|220420.4286|46751.1711|3085886|"Sites BAQ"
"2025-05-13"|0.40909100000000004|262183.2222|107232.937|7078947|"Sites BAQ"
"2025-05-14"|0.8181820000000001|263649.2407|215691.4432|14237059|"Sites BAQ"
"2025-05-15"|0.666667|287061.8182|191355.4025|12630720|"Sites BAQ"
"2025-05-16"|0.651515|258658.814|168516.2147|11122329|"Sites BAQ"
"2025-05-17"|0.287879|242410.7368|69765.8081|4605804|"Sites BAQ"
"2025-05-18"|0.09090899999999999|220561.6667|20049.0549|1323370|"Sites BAQ"
"2025-05-19"|0.272727|246165.0556|67129.2091|4430971|"Sites BAQ"
"2025-05-20"|0.333333|259651.0909|86541.7083|5712324|"Sites BAQ"
"2025-05-21"|0.7121210000000001|263419.2128|187580.8194|12380703|"Sites BAQ"
"2025-05-22"|0.924242|281787.623|260428.1184|17189045|"Sites BAQ"
"2025-05-23"|0.651515|268780.7209|175110.6391|11557571|"Sites BAQ"
"2025-05-24"|0.242424|275389|66754.2936|4406224|"Sites BAQ"
"2025-05-25"|0.18181799999999998|252488.25|45902.3639|3029859|"Sites BAQ"
"2025-05-26"|0.318182|256205.5714|81498.9918|5380317|"Sites BAQ"
"2025-05-27"|0.37878799999999996|248517.4|94113.5394|6212935|"Sites BAQ"
"2025-05-28"|0.36363599999999996|259766.9583|94451.263|6234407|"Sites BAQ"
"2025-05-29"|0.318182|257393.7619|81876.9551|5405269|"Sites BAQ"
"2025-05-30"|0.484848|262137.5625|127084.2891|8388402|"Sites BAQ"
"2025-05-31"|0.40909100000000004|254141.4074|103943.8326|6861818|"Sites BAQ"
"2025-06-01"|0.272727|257951.3333|70343.3277|4643124|"Sites BAQ"
"2025-06-02"|0.151515|258476.3|39159.1595|2584763|"Sites BAQ"
"2025-06-03"|0.30303|261056.6|79100.1498|5221132|"Sites BAQ"
"2025-06-04"|0.5|268163.9697|134081.98|8849411|"Sites BAQ"
"2025-06-05"|0.7878789999999999|545456.5192|429710.6386|28363739|"Sites BAQ"
"2025-06-06"|0.9848480000000001|531277.6769|523202.2494|34533049|"Sites BAQ"
"2025-06-07"|0.6818179999999999|232942.0889|158819.9101|10482394|"Sites BAQ"
"2025-06-08"|0.30303|250007.45|75752.2574|5000149|"Sites BAQ"
"2025-06-09"|0.36363599999999996|249208.375|90612.1633|5981001|"Sites BAQ"
"2025-06-10"|0.545455|227194.75|123912.0167|8179011|"Sites BAQ"
"2025-06-11"|0.515152|230548.5294|118755.5427|7838650|"Sites BAQ"
"2025-06-12"|0.212121|207095.2143|43924.894|2899333|"Sites BAQ"
"2025-06-13"|0.30303|248759.65|75374.174|4975193|"Sites BAQ"
"2025-06-14"|0.242424|236055.1875|57219.7756|3776883|"Sites BAQ"
"2025-06-15"|0.121212|279311.375|33852.538|2234491|"Sites BAQ"
"2025-06-16"|0.16666699999999998|264059.4545|43992.3044|2904654|"Sites BAQ"
"2025-06-17"|0.18181799999999998|257895.75|46885.4474|3094749|"Sites BAQ"
"2025-06-18"|0.348485|262172.2174|91340.798|6029961|"Sites BAQ"
"2025-06-19"|0.348485|245111.3043|85396.7769|5637560|"Sites BAQ"
"2025-06-20"|0.5|245340.8182|122670.405|8096247|"Sites BAQ"
"2025-06-21"|0.46969700000000003|237364.871|111466.543|7358311|"Sites BAQ"
"2025-06-22"|0.515152|242859.2059|125096.7739|8257213|"Sites BAQ"
"2025-06-23"|0.484848|261479.7188|126765.3634|8367351|"Sites BAQ"
"2025-06-24"|0.606061|271452.275|164500.0756|10858091|"Sites BAQ"
"2025-06-25"|0.727273|269480|195965.856|12935040|"Sites BAQ"
"2025-06-26"|0.621212|264820.0966|164506.2399|10857623.96|"Sites BAQ"
"2025-06-27"|0.40909100000000004|256124.3333|104754.851|6915357|"Sites BAQ"
"2025-06-28"|0.36363599999999996|256804.7083|93374.1889|6163313|"Sites BAQ"
"2025-06-29"|0.242424|258186.8125|62584.4827|4130989|"Sites BAQ"
"2025-06-30"|0.121212|306654.625|37166.5399|2453237|"Sites BAQ"
"2025-07-01"|0.19696999999999998|255220.0769|50252.8318|3317861|"Sites BAQ"
"2025-07-02"|0.439394|264033.069|115989.7233|7656959|"Sites BAQ"
"2025-07-03"|0.439394|267612.3448|117562.101|7760758|"Sites BAQ"
"2025-07-04"|0.45454500000000003|253841.2667|115370.8527|7615238|"Sites BAQ"
"2025-07-05"|0.439394|252953.5862|111122.5077|7335654|"Sites BAQ"
"2025-07-06"|0.151515|264668.3|40097.2475|2646683|"Sites BAQ"
"2025-07-07"|0.39393900000000004|262998.1923|103594.987|6837953|"Sites BAQ"
"2025-07-08"|0.45454500000000003|273985.8|124526.5461|8219574|"Sites BAQ"
"2025-07-09"|0.40909100000000004|262686.5185|107438.7826|7092536|"Sites BAQ"
"2025-07-10"|0.515152|273364.8235|140810.2188|9294404|"Sites BAQ"
"2025-07-11"|0.515152|268024.1176|138059.2191|9112820|"Sites BAQ"
"2025-07-12"|0.37878799999999996|260363.56|98599.6802|6509089|"Sites BAQ"
"2025-07-13"|0.121212|284818.625|34520.0167|2278549|"Sites BAQ"
"2025-07-14"|0.16666699999999998|239163.7273|39844.6758|2630801|"Sites BAQ"
"2025-07-15"|0.227273|239739.9333|54468.9121|3596099|"Sites BAQ"
"2025-07-16"|0.287879|247916.5263|71350.3745|4710414|"Sites BAQ"
"2025-07-17"|0.46969700000000003|251060.9355|117898.2127|7782889|"Sites BAQ"
"2025-07-18"|0.727273|249175.2292|181200.22|11960411|"Sites BAQ"
"2025-07-19"|0.484848|231089.4063|112032.1411|7394861|"Sites BAQ"
"2025-07-20"|0.19696999999999998|243952.3077|48034.2079|3171380|"Sites BAQ"
"2025-07-21"|0.36363599999999996|248023|90181.1628|5952552|"Sites BAQ"
"2025-07-22"|0.40909100000000004|260714.1852|106632.0996|7039283|"Sites BAQ"
"2025-07-23"|0.36363599999999996|271131.1667|98583.2898|6507148|"Sites BAQ"
"2025-07-24"|0.545455|288291.3889|157234.1187|10378490|"Sites BAQ"
"2025-07-25"|0.833333|273388.8|227814.887|15036384|"Sites BAQ"
"2025-07-26"|0.439394|267691.069|117596.6827|7763041|"Sites BAQ"
"2025-07-27"|0.272727|268203.0556|73138.9717|4827655|"Sites BAQ"
"2025-07-28"|0.272727|279929.6667|76336.8183|5038734|"Sites BAQ"
"2025-07-29"|0.46969700000000003|270561.0645|127055.4738|8387393|"Sites BAQ"
"2025-07-30"|0.833333|292005.6545|243328.3081|16060311|"Sites BAQ"
"2025-07-31"|0.833333|301519.7091|251256.366|16583584|"Sites BAQ"
"2025-08-01"|0.80303|276803.2642|222273.0178|14670573|"Sites BAQ"
"2025-08-02"|0.333333|257960.5455|85978.248|5675132|"Sites BAQ"
"2025-08-03"|0.227273|239361.5333|54382.9396|3590423|"Sites BAQ"
"2025-08-04"|0.19696999999999998|247281.6154|48689.749|3214661|"Sites BAQ"
"2025-08-05"|0.272727|265944.2222|72522.9888|4786996|"Sites BAQ"
"2025-08-06"|0.39393900000000004|282821.2308|111403.2825|7353352|"Sites BAQ"
"2025-08-07"|0.318182|291047.5238|92582.2161|6111998|"Sites BAQ"
"2025-08-08"|0.45454500000000003|263817.1|119904.872|7914513|"Sites BAQ"
"2025-08-09"|0.318182|286414|91108.2934|6014694|"Sites BAQ"
"2025-08-10"|0.318182|261665.6667|83235.8464|5494979|"Sites BAQ"
"2025-08-11"|0.36363599999999996|262804.9583|95555.8798|6307319|"Sites BAQ"
"2025-08-12"|0.424242|265537.8214|112641.1432|7435059|"Sites BAQ"
"2025-08-13"|0.16666699999999998|278764.5455|46442.1724|3066410|"Sites BAQ"
"2025-08-14"|0.257576|307664.1176|79223.5083|5230290|"Sites BAQ"
"2025-08-15"|0.5|268838.0909|134419.045|8871657|"Sites BAQ"
"2025-08-16"|0.40909100000000004|259629.1111|106188.306|7009986|"Sites BAQ"
"2025-08-17"|0.272727|323881.7222|88322.545|5829871|"Sites BAQ"
"2025-08-18"|0.19696999999999998|270711.2308|53303.0412|3519246|"Sites BAQ"
"2025-08-19"|0.515152|273026.0882|140635.7338|9282887|"Sites BAQ"
"2025-08-20"|0.636364|259226.6429|164945.911|10887519|"Sites BAQ"
"2025-08-21"|0.909091|278359.4|253028.6946|16701564|"Sites BAQ"
"2025-08-22"|0.621212|262290.2195|162934.6785|10753899|"Sites BAQ"
"2025-08-23"|0.121212|290823.875|35247.853|2326591|"Sites BAQ"
"2025-08-24"|0.212121|260374.3571|55225.3996|3645241|"Sites BAQ"
"2025-08-25"|0.318182|266324.7143|84717.8903|5592819|"Sites BAQ"
"2025-08-26"|0.5|264122.4545|132061.225|8716041|"Sites BAQ"
"2025-08-27"|0.727273|287987.5208|209424.5245|13823401|"Sites BAQ"
"2025-08-28"|0.621212|267463.3415|166148.2268|10965997|"Sites BAQ"
"2025-08-29"|0.69697|266926.5217|186021.0918|12278620|"Sites BAQ"
"2025-08-30"|0.439394|256502.6552|112681.6141|7438577|"Sites BAQ"
"2025-08-31"|0.19696999999999998|274067.7692|53963.9419|3562881|"Sites BAQ"
"2025-09-01"|0.121212|276881.625|33558.0523|2215053|"Sites BAQ"
"2025-09-02"|0.40909100000000004|275215.2222|112563.025|7430811|"Sites BAQ"
"2025-09-03"|0.69697|355408.6304|247684.2742|16348797|"Sites BAQ"
"2025-09-04"|0.969697|553083.9375|536270.1785|35397372|"Sites BAQ"
"2025-09-05"|0.69697|291456.1087|203115.7561|13406981|"Sites BAQ"
"2025-09-06"|0.37878799999999996|292555.12|110790.6239|7313878|"Sites BAQ"
"2025-09-07"|0.242424|285633.75|69237.621|4570140|"Sites BAQ"
"2025-09-08"|0.37878799999999996|233358.52|88372.8715|5833963|"Sites BAQ"
"2025-09-09"|0.530303|288566.4286|153026.7725|10099825|"Sites BAQ"
"2025-09-10"|0.9393940000000001|299246.0968|281081.8523|18553258|"Sites BAQ"
"2025-09-11"|0.969697|306352.0625|297038.9574|19606532|"Sites BAQ"
"2025-09-12"|0.46969700000000003|283717.6774|133233.8178|8795248|"Sites BAQ"
"2025-09-13"|0.16666699999999998|274185|45679.221|3016035|"Sites BAQ"
"2025-09-14"|0.106061|262557.1429|27831.0568|1837900|"Sites BAQ"
"2025-09-15"|0.09090899999999999|294849.5|26801.8196|1769097|"Sites BAQ"
"2025-09-16"|0.348485|298753.0435|104085.5591|6871320|"Sites BAQ"
"2025-09-17"|0.727273|302587.6875|220041.7609|14524209|"Sites BAQ"
"2025-09-18"|0.46969700000000003|290771.0645|136546.0898|9013903|"Sites BAQ"
"2025-09-19"|0.37878799999999996|247280.6|93645.1632|6182015|"Sites BAQ"
"2025-09-20"|0.287879|260262|74903.4036|4944978|"Sites BAQ"
"2025-09-21"|0.121212|237017.875|28726.5658|1896143|"Sites BAQ"
"2025-09-22"|0.212121|233779.9286|49584.721|3272919|"Sites BAQ"
"2025-09-23"|0.36363599999999996|249892.2917|90860.8366|5997415|"Sites BAQ"
"2025-09-24"|0.575758|258351.4737|148747.9278|9817356|"Sites BAQ"
"2025-09-25"|0.439394|244575.6334|107465.0659|7092693.37|"Sites BAQ"
"2025-09-26"|0.36363599999999996|223884.2083|81412.358|5373221|"Sites BAQ"
"2025-09-27"|0.151515|212235.2|32156.8163|2122352|"Sites BAQ"
"2025-09-28"|0.09090899999999999|242010.6667|22000.9477|1452064|"Sites BAQ"
"2025-09-29"|0.16666699999999998|202086.2273|33681.1052|2222948.5|"Sites BAQ"
"2025-09-30"|0.18181799999999998|207866.7917|37793.9243|2494401.5|"Sites BAQ"
"2025-10-01"|0.212121|230874.0536|48973.2351|3232236.75|"Sites BAQ"
"2025-10-02"|0.242424|220594.5469|53477.4124|3529512.75|"Sites BAQ"
"2025-10-03"|0.242424|281572.1075|68259.8366|4505153.72|"Sites BAQ"
"2025-10-04"|0.272727|298599.8083|81436.2299|5374796.55|"Sites BAQ"
"2025-10-05"|0.287879|295022.3253|84930.732|5605424.18|"Sites BAQ"
"2025-10-06"|0.09090899999999999|250359.245|22759.9086|1502155.47|"Sites BAQ"
"2025-10-07"|0.272727|238315.4|64995.0441|4289677.2|"Sites BAQ"
"2025-10-08"|0.151515|249063.6|37736.8714|2490636|"Sites BAQ"
"2025-10-09"|0.151515|267211.808|40486.5971|2672118.08|"Sites BAQ"
"2025-10-10"|0.136364|268033.8178|36550.1635|2412304.36|"Sites BAQ"
"2025-10-11"|0.075758|262722.576|19903.3369|1313612.88|"Sites BAQ"
"2025-10-12"|0.045454999999999995|258483.84|11749.3829|775451.52|"Sites BAQ"
"2025-10-13"|0.015152|206831.52|3133.9112|206831.52|"Sites BAQ"
"2025-10-14"|0.075758|260454.8|19731.5347|1302274|"Sites BAQ"
"2025-10-15"|0.136364|281607.7678|38401.1616|2534469.91|"Sites BAQ"
"2025-10-16"|0.075758|279877.452|21202.956|1399387.26|"Sites BAQ"
"2025-10-17"|0.136364|286957.9467|39130.7334|2582621.52|"Sites BAQ"
"2025-10-18"|0.09090899999999999|272453.6167|24768.4858|1634721.7|"Sites BAQ"
"2025-10-19"|0.045454999999999995|279355.66|12698.1115|838066.98|"Sites BAQ"
"2025-10-20"|0.045454999999999995|275602.3767|12527.506|826807.13|"Sites BAQ"
"2025-10-21"|0.075758|269052.046|20382.8449|1345260.23|"Sites BAQ"
"2025-10-22"|0.40909100000000004|288197.1481|117898.8595|7781323|"Sites BAQ"
"2025-10-23"|0.621212|279982.9537|173928.7706|11479301.1|"Sites BAQ"
"2025-10-24"|0.439394|283959.0862|124769.9187|8234813.5|"Sites BAQ"
"2025-10-25"|0|0|0|0|"Sites BAQ"
"2025-10-26"|0|0|0|0|"Sites BAQ"
"2025-10-27"|0|0|0|0|"Sites BAQ"
"2025-10-28"|0|0|0|0|"Sites BAQ"
"2025-10-29"|0.030303|283800|8599.9914|567600|"Sites BAQ"
"2025-10-30"|0.015152|290000|4394.08|290000|"Sites BAQ"
"2025-10-31"|0.40909100000000004|264578.1481|108236.5392|7143610|"Sites BAQ"
"2025-11-01"|0.424242|269634.8786|114390.4402|7549776.6|"Sites BAQ"
"2025-11-02"|0.530303|285863.7754|151594.4177|10005232.14|"Sites BAQ"
"2025-11-03"|0.318182|344792.1614|109706.6595|7240635.39|"Sites BAQ"
"2025-11-04"|0.19696999999999998|264063.7446|52012.6358|3432828.68|"Sites BAQ"
"2025-11-05"|0.257576|260809.4953|67178.2666|4433761.42|"Sites BAQ"
"2025-11-06"|0.257576|257269.3406|66266.4077|4373578.79|"Sites BAQ"
"2025-11-07"|0.212121|267348.5379|56710.2392|3742879.53|"Sites BAQ"
"2025-11-08"|0.151515|273123.553|41382.3151|2731235.53|"Sites BAQ"
"2025-11-09"|0|0|0|0|"Sites BAQ"
"2025-11-10"|0|0|0|0|"Sites BAQ"
"2025-11-11"|0|0|0|0|"Sites BAQ"
"2025-11-12"|0.19696999999999998|221000|43530.37|2873000|"Sites BAQ"
"2025-11-13"|0.227273|221000|50227.333|3315000|"Sites BAQ"
"2025-11-14"|0.272727|223810.4444|61039.1511|4028588|"Sites BAQ"
"2025-11-15"|0.19696999999999998|225141.2308|44346.0682|2926836|"Sites BAQ"
"2025-11-16"|0.075758|269154.8|20390.6293|1345774|"Sites BAQ"
"2025-11-17"|0.40909100000000004|232169.9|94978.6166|6268587.3|"Sites BAQ"
"2025-11-18"|0.45454500000000003|236777.15|107625.8696|7103314.5|"Sites BAQ"
"2025-11-19"|0.227273|291553.8667|66262.3219|4373308|"Sites BAQ"
"2025-11-20"|0.227273|293529.8413|66711.4076|4402947.62|"Sites BAQ"
"2025-11-21"|0.212121|293678.4929|62295.3756|4111498.9|"Sites BAQ"
"2025-11-22"|0.045454999999999995|318832.9667|14492.5525|956498.9|"Sites BAQ"
"2025-11-23"|0.015152|392753|5950.9935|392753|"Sites BAQ"
"2025-11-24"|0|0|0|0|"Sites BAQ"
"2025-11-25"|0|0|0|0|"Sites BAQ"
"2025-11-26"|0|0|0|0|"Sites BAQ"
"2025-11-27"|0.060606|272624|16522.6501|1090496|"Sites BAQ"
"2025-11-28"|0.075758|261704.4|19826.2019|1308522|"Sites BAQ"
"2025-11-29"|0.09090899999999999|264122.7633|24011.1363|1584736.58|"Sites BAQ"
"2025-11-30"|0.030303|224412.96|6800.3859|448825.92|"Sites BAQ"
"2025-12-01"|0.030303|283805.67|8600.1632|567611.34|"Sites BAQ"
"2025-12-02"|0.030303|283805.67|8600.1632|567611.34|"Sites BAQ"
"2025-12-03"|0.030303|283805.67|8600.1632|567611.34|"Sites BAQ"
"2025-12-04"|0.030303|283805.67|8600.1632|567611.34|"Sites BAQ"
"2025-12-05"|0.075758|259365.258|19648.9932|1296826.29|"Sites BAQ"
"2025-12-06"|0.060606|257956.5725|15633.716|1031826.29|"Sites BAQ"
"2025-12-07"|0.030303|270607.29|8200.2127|541214.58|"Sites BAQ"
"2025-12-08"|0|0|0|0|"Sites BAQ"
"2025-12-09"|0|0|0|0|"Sites BAQ"
"2025-12-10"|0|0|0|0|"Sites BAQ"
"2025-12-11"|0|0|0|0|"Sites BAQ"
"2025-12-12"|0.015152|265000|4015.28|265000|"Sites BAQ"
"2025-12-13"|0|0|0|0|"Sites BAQ"
"2025-12-14"|0|0|0|0|"Sites BAQ"
"2025-12-15"|0|0|0|0|"Sites BAQ"
"2025-12-16"|0|0|0|0|"Sites BAQ"
"2025-12-17"|0|0|0|0|"Sites BAQ"
"2025-12-18"|0.015152|337365|5111.7545|337365|"Sites BAQ"
"2025-12-19"|0.015152|304785.83|4618.1149|304785.83|"Sites BAQ"
"2025-12-20"|0.015152|304785.83|4618.1149|304785.83|"Sites BAQ"
"2025-12-21"|0|0|0|0|"Sites BAQ"
"2025-12-22"|0.015152|477180|7230.2314|477180|"Sites BAQ"
"2025-12-23"|0.015152|477180|7230.2314|477180|"Sites BAQ"
"2025-12-24"|0.015152|477180|7230.2314|477180|"Sites BAQ"
"2025-12-25"|0.015152|477180|7230.2314|477180|"Sites BAQ"
"2025-12-26"|0.015152|491040|7440.2381|491040|"Sites BAQ"
"2025-12-27"|0.030303|403920|12239.9878|807840|"Sites BAQ"
"2025-12-28"|0.030303|390390|11829.9882|780780|"Sites BAQ"
"2025-12-29"|0.075758|382994.006|29014.8599|1914970.03|"Sites BAQ"
"2025-12-30"|0.060606|359447.5075|21784.6756|1437790.03|"Sites BAQ"
"2025-12-31"|0.045454999999999995|391453.9367|17793.5387|1174361.81|"Sites BAQ"
"2025-01-01"|0.966667|513651.5|496495.5399|29791787|"Sites 45"
"2025-01-02"|0.9833329999999999|498137.1017|489818.2104|29390089|"Sites 45"
"2025-01-03"|0.8|501228.0417|400982.432|24058946|"Sites 45"
"2025-01-04"|0.75|514648.0667|385986.045|23159163|"Sites 45"
"2025-01-05"|0.516667|487092.1613|251631.8099|15099857|"Sites 45"
"2025-01-06"|0.483333|487069.069|235400.4767|14125003|"Sites 45"
"2025-01-07"|0.5|459776.1333|229888.065|13793284|"Sites 45"
"2025-01-08"|0.5333330000000001|474268.0625|252927.1564|15176578|"Sites 45"
"2025-01-09"|0.5|456271.2167|228135.605|13688136.5|"Sites 45"
"2025-01-10"|0.583333|471893.0746|275255.2277|16516257.61|"Sites 45"
"2025-01-11"|0.583333|419660.6286|244788.0396|14688122|"Sites 45"
"2025-01-12"|0.433333|444803.3077|192733.2699|11564886|"Sites 45"
"2025-01-13"|0.433333|424200.9615|183806.276|11029225|"Sites 45"
"2025-01-14"|0.483333|422864.2069|204370.2679|12263062|"Sites 45"
"2025-01-15"|0.55|437318.8182|240525.3455|14431521|"Sites 45"
"2025-01-16"|0.666667|437193.65|291433.2871|17487746|"Sites 45"
"2025-01-17"|0.683333|461350.6098|315240.865|18915375|"Sites 45"
"2025-01-18"|0.616667|464829.973|286614.1595|17198709|"Sites 45"
"2025-01-19"|0.65|471106.7236|306219.368|18373162.22|"Sites 45"
"2025-01-20"|0.7|448521.6905|313965.183|18837911|"Sites 45"
"2025-01-21"|0.75|439161.0889|329370.81|19762249|"Sites 45"
"2025-01-22"|0.7666670000000001|448703.8913|343976.4021|20640379|"Sites 45"
"2025-01-23"|0.75|463294.2889|347470.71|20848243|"Sites 45"
"2025-01-24"|0.666667|463349.05|308868.4767|18533962|"Sites 45"
"2025-01-25"|0.933333|441073.6071|411653.9909|24700122|"Sites 45"
"2025-01-26"|0.466667|538644.5357|251331.5377|15082047|"Sites 45"
"2025-01-27"|0.833333|466963.28|389120.5012|23348164|"Sites 45"
"2025-01-28"|0.85|468876.6863|398545.178|23912711|"Sites 45"
"2025-01-29"|0.95|484291.0877|460076.526|27604592|"Sites 45"
"2025-01-30"|0.916667|456941.9678|418833.0005|25131808.23|"Sites 45"
"2025-01-31"|0.55|471546.9697|259350.828|15561050|"Sites 45"
"2025-02-01"|0.5333330000000001|504506.9063|269053.5298|16144221|"Sites 45"
"2025-02-02"|0.583333|457734.5143|266996.5397|16020708|"Sites 45"
"2025-02-03"|0.583333|431211.2857|251525.5396|15092395|"Sites 45"
"2025-02-04"|0.633333|397631.1053|251819.7756|15109982|"Sites 45"
"2025-02-05"|0.683333|388138.8049|265215.242|15913691|"Sites 45"
"2025-02-06"|0.65|429547.6154|279205.9465|16752357|"Sites 45"
"2025-02-07"|0.7|475507.3619|332855.152|19971309.2|"Sites 45"
"2025-02-08"|0.7666670000000001|448270.1739|343643.9123|20620428|"Sites 45"
"2025-02-09"|0.633333|472502.7105|299235.9662|17955103|"Sites 45"
"2025-02-10"|0.816667|442225.0816|361121.0003|21669029|"Sites 45"
"2025-02-11"|0.75|433996.9778|325497.7275|19529864|"Sites 45"
"2025-02-12"|0.616667|420635.2216|259363.6767|15563503.2|"Sites 45"
"2025-02-13"|0.716667|404276.9535|289704.8624|17383909|"Sites 45"
"2025-02-14"|0.8666670000000001|420132.2885|364086.6338|21846879|"Sites 45"
"2025-02-15"|0.7666670000000001|449204.5217|344360.185|20663408|"Sites 45"
"2025-02-16"|0.65|453988.8105|295092.7265|17705563.61|"Sites 45"
"2025-02-17"|0.683333|435277.5122|297425.1226|17846378|"Sites 45"
"2025-02-18"|0.966667|413523.3793|399711.6894|23984356|"Sites 45"
"2025-02-19"|0.95|395353.2456|375585.578|22535135|"Sites 45"
"2025-02-20"|0.833333|453715.2522|378080.9178|22685762.61|"Sites 45"
"2025-02-21"|0.75|471426.1691|353569.62|21214177.61|"Sites 45"
"2025-02-22"|0.6|518547.3611|311128.416|18667705|"Sites 45"
"2025-02-23"|0.566667|450127.5238|255042.2528|15304335.81|"Sites 45"
"2025-02-24"|0.5333330000000001|422017.3569|225061.8528|13504555.42|"Sites 45"
"2025-02-25"|0.583333|413146.5714|240988.3943|14460130|"Sites 45"
"2025-02-26"|0.65|412032.6154|267821.1965|16069272|"Sites 45"
"2025-02-27"|0.45|417442.0741|187848.9315|11270936|"Sites 45"
"2025-02-28"|0.5|446103.1667|223051.58|13383095|"Sites 45"
"2025-03-01"|0.566667|448315.2353|254015.4093|15242718|"Sites 45"
"2025-03-02"|0.666667|463825|309185.745|18553000|"Sites 45"
"2025-03-03"|0.683333|454337.7073|310448.9504|18627846|"Sites 45"
"2025-03-04"|0.666667|439111.4895|292711.7126|17564459.58|"Sites 45"
"2025-03-05"|0.7333329999999999|430549.5227|315721.963|18944179|"Sites 45"
"2025-03-06"|0.8833329999999999|455438.4151|402288.7476|24138236|"Sites 45"
"2025-03-07"|0.7333329999999999|457314.7273|335348.8842|20121848|"Sites 45"
"2025-03-08"|0.7|462078.306|323454.81|19407288.85|"Sites 45"
"2025-03-09"|0.416667|427644.674|178156.7695|10691116.85|"Sites 45"
"2025-03-10"|0.466667|395803.3875|184681.8571|11082494.85|"Sites 45"
"2025-03-11"|0.4|366597.3271|146638.928|8798335.85|"Sites 45"
"2025-03-12"|0.483333|366736.3741|177243.6876|10635354.85|"Sites 45"
"2025-03-13"|0.516667|434407.7694|224415.0488|13466640.85|"Sites 45"
"2025-03-14"|0.6|401883.9125|241130.346|14467820.85|"Sites 45"
"2025-03-15"|0.55|421881.2424|232034.682|13922081|"Sites 45"
"2025-03-16"|0.616667|431597.1081|266122.7719|15969093|"Sites 45"
"2025-03-17"|0.55|420689.2727|231379.0985|13882746|"Sites 45"
"2025-03-18"|0.6|387531.5556|232518.93|13951136|"Sites 45"
"2025-03-19"|0.75|395268.0667|296451.045|17787063|"Sites 45"
"2025-03-20"|0.666667|384927.975|256592.9848|15397119|"Sites 45"
"2025-03-21"|0.65|397611.36|258447.384|15506843.04|"Sites 45"
"2025-03-22"|0.5|432935.4667|216467.73|12988064|"Sites 45"
"2025-03-23"|0.55|464821.7273|255651.946|15339117|"Sites 45"
"2025-03-24"|0.38333300000000003|429673.0435|164693.6762|9882480|"Sites 45"
"2025-03-25"|0.433333|393633.1538|170561.2439|10234462|"Sites 45"
"2025-03-26"|0.38333300000000003|432780.9261|165884.9266|9953961.3|"Sites 45"
"2025-03-27"|0.36666699999999997|510476.2727|187140.6006|11230478|"Sites 45"
"2025-03-28"|0.333333|564586.4|188176.6471|11291728|"Sites 45"
"2025-03-29"|0.566667|523534.1471|296634.4437|17800161|"Sites 45"
"2025-03-30"|0.566667|536712.9706|304101.5688|18248241|"Sites 45"
"2025-03-31"|0.566667|521586.4118|295530.8599|17733938|"Sites 45"
"2025-04-01"|0.4|451195.0417|180478.016|10828681|"Sites 45"
"2025-04-02"|0.7666670000000001|439175.5435|336671.969|20202075|"Sites 45"
"2025-04-03"|0.8833329999999999|408513.1698|360839.6742|21651198|"Sites 45"
"2025-04-04"|0.583333|430853.7714|251317.004|15079882|"Sites 45"
"2025-04-05"|0.416667|458825.8|191146.8283|11470645|"Sites 45"
"2025-04-06"|0.216667|486558.7692|105388.6274|6325264|"Sites 45"
"2025-04-07"|0.266667|428438.25|114221.6375|6855012|"Sites 45"
"2025-04-08"|0.45|371888.5556|167349.8475|10040991|"Sites 45"
"2025-04-09"|0.45|361244.6296|162560.079|9753605|"Sites 45"
"2025-04-10"|0.666667|397051.328|264674.4099|15882053.12|"Sites 45"
"2025-04-11"|0.7|467971.0714|327579.749|19654785|"Sites 45"
"2025-04-12"|0.7333329999999999|510176.3182|374112.2881|22447758|"Sites 45"
"2025-04-13"|0.783333|493839.4894|386824.4647|23210456|"Sites 45"
"2025-04-14"|0.7666670000000001|493897.1117|378621.5245|22719267.14|"Sites 45"
"2025-04-15"|0.65|506430.8205|329180.033|19750802|"Sites 45"
"2025-04-16"|0.65|509854.4872|331405.412|19884325|"Sites 45"
"2025-04-17"|0.8|482164.2917|385731.432|23143886|"Sites 45"
"2025-04-18"|0.683333|512016.878|349861.1273|20992692|"Sites 45"
"2025-04-19"|0.45|531862.7778|239338.2465|14360295|"Sites 45"
"2025-04-20"|0.316667|491191.4211|155511.2036|9332637|"Sites 45"
"2025-04-21"|0.35|478850.2857|167597.598|10055856|"Sites 45"
"2025-04-22"|0.416667|459854.68|191575.4597|11496367|"Sites 45"
"2025-04-23"|0.7333329999999999|422307.7927|309678.3024|18581542.88|"Sites 45"
"2025-04-24"|0.833333|427294.9|356064.8402|21364745|"Sites 45"
"2025-04-25"|0.916667|459642.4|421308.2238|25280332|"Sites 45"
"2025-04-26"|0.7|502787.0383|351950.921|21117055.61|"Sites 45"
"2025-04-27"|0.466667|455736.0357|212646.4316|12760609|"Sites 45"
"2025-04-28"|0.416667|509286.32|212168.6809|12732158|"Sites 45"
"2025-04-29"|0.5|430500.0667|215250.03|12915002|"Sites 45"
"2025-04-30"|0.583333|414418.9429|241730.5677|14504663|"Sites 45"
"2025-05-01"|0.7|445716.3095|312001.41|18720085|"Sites 45"
"2025-05-02"|0.783333|453353.5319|355111.82|21307616|"Sites 45"
"2025-05-03"|0.666667|441252.2785|294138.7632|17650091.14|"Sites 45"
"2025-05-04"|0.45|402931.5556|181319.1975|10879152|"Sites 45"
"2025-05-05"|0.4|469287|187714.8|11262888|"Sites 45"
"2025-05-06"|0.316667|470928.1053|149095.8365|8947634|"Sites 45"
"2025-05-07"|0.633333|377112.8158|238825.5426|14330287|"Sites 45"
"2025-05-08"|0.8|397871.5208|318297.216|19097833|"Sites 45"
"2025-05-09"|0.666667|458259.075|305475.4961|18330363|"Sites 45"
"2025-05-10"|0.483333|407364.069|196879.0502|11813558|"Sites 45"
"2025-05-11"|0.4|455541.1667|182216.464|10932988|"Sites 45"
"2025-05-12"|0.516667|389694.8387|201316.3492|12080540|"Sites 45"
"2025-05-13"|0.916667|394783.5273|361858.5744|21713094|"Sites 45"
"2025-05-14"|0.8833329999999999|361786.9434|319566.4041|19174708|"Sites 45"
"2025-05-15"|0.933333|364373.7679|340070.0302|20404931|"Sites 45"
"2025-05-16"|0.8666670000000001|361110.6731|312938.5066|18777755|"Sites 45"
"2025-05-17"|0.583333|388712.0857|226735.7563|13604923|"Sites 45"
"2025-05-18"|0.45|443549|199597.05|11975823|"Sites 45"
"2025-05-19"|0.566667|397963.7662|225486.2664|13530768.05|"Sites 45"
"2025-05-20"|0.65|388530.2821|252544.682|15152681|"Sites 45"
"2025-05-21"|0.716667|391153.9288|280300.8991|16819618.94|"Sites 45"
"2025-05-22"|0.7|383782.1336|268647.491|16118849.61|"Sites 45"
"2025-05-23"|0.566667|404906.4606|229420.0002|13766819.66|"Sites 45"
"2025-05-24"|0.55|425144.6667|233829.563|14029774|"Sites 45"
"2025-05-25"|0.5333330000000001|455712.4688|243031.4549|14582799|"Sites 45"
"2025-05-26"|0.583333|439503.1429|256362.1816|15382610|"Sites 45"
"2025-05-27"|0.666667|401492.525|267634.9138|16059701|"Sites 45"
"2025-05-28"|0.916667|423032.2|387751.3145|23266771|"Sites 45"
"2025-05-29"|0.716667|490487.7209|351483.5002|21090972|"Sites 45"
"2025-05-30"|0.65|455852.8205|296304.333|17778260|"Sites 45"
"2025-05-31"|0.566667|454120.2688|257304.5393|15440089.14|"Sites 45"
"2025-06-01"|0.433333|423323|183425.8559|11006398|"Sites 45"
"2025-06-02"|0.416667|491236.4|204649.0842|12280910|"Sites 45"
"2025-06-03"|0.6|453109.6022|271865.76|16311945.68|"Sites 45"
"2025-06-04"|0.616667|409545.4054|252525.6936|15153180|"Sites 45"
"2025-06-05"|0.616667|421981.3514|260193.7004|15613310|"Sites 45"
"2025-06-06"|0.5333330000000001|466731.9688|248908.1543|14935423|"Sites 45"
"2025-06-07"|0.55|447340.0909|246037.0495|14762223|"Sites 45"
"2025-06-08"|0.683333|394899.8049|269835.0333|16190892|"Sites 45"
"2025-06-09"|0.666667|486902.225|324569.0199|19476089|"Sites 45"
"2025-06-10"|0.75|436550.6444|327412.98|19644779|"Sites 45"
"2025-06-11"|0.933333|431949.5179|403138.4777|24189173|"Sites 45"
"2025-06-12"|0.9833329999999999|431891.1017|424678.5186|25481575|"Sites 45"
"2025-06-13"|0.8833329999999999|429653.6415|379513.0602|22771643|"Sites 45"
"2025-06-14"|0.75|419734.6667|314800.995|18888060|"Sites 45"
"2025-06-15"|0.566667|425819.8529|241269.527|14477875|"Sites 45"
"2025-06-16"|0.633333|410187.7632|259771.9084|15587135|"Sites 45"
"2025-06-17"|0.633333|410612.5645|260040.9342|15603277.45|"Sites 45"
"2025-06-18"|0.716667|440510.1395|315669.5592|18941936|"Sites 45"
"2025-06-19"|0.666667|439611.3|293044.8926|17584452|"Sites 45"
"2025-06-20"|0.716667|463481.0465|332130.5133|19929685|"Sites 45"
"2025-06-21"|0.7666670000000001|458055.4565|351145.308|21070551|"Sites 45"
"2025-06-22"|0.7666670000000001|444066|340420.9956|20427036|"Sites 45"
"2025-06-23"|0.566667|502174.5588|284532.1|17073935|"Sites 45"
"2025-06-24"|0.8833329999999999|487240.8868|430379.8693|25823767|"Sites 45"
"2025-06-25"|0.9|403117.5|362805.75|21768345|"Sites 45"
"2025-06-26"|0.8833329999999999|420724.6415|371626.0745|22298406|"Sites 45"
"2025-06-27"|0.816667|415644.5335|339415.3232|20366582.14|"Sites 45"
"2025-06-28"|0.9|439061.8335|395155.647|23709339.01|"Sites 45"
"2025-06-29"|1|432052.5237|432052.52|25923151.42|"Sites 45"
"2025-06-30"|1|408671.6|408671.6|24520296|"Sites 45"
"2025-07-01"|0.95|416589.5263|395760.044|23745603|"Sites 45"
"2025-07-02"|0.85|441442.7759|375226.3545|22513581.57|"Sites 45"
"2025-07-03"|0.95|430228|408716.6|24522996|"Sites 45"
"2025-07-04"|0.9|422397.6667|380157.894|22809474|"Sites 45"
"2025-07-05"|0.9833329999999999|409558.9661|402719.3254|24163979|"Sites 45"
"2025-07-06"|0.966667|425262.8103|411059.0321|24665243|"Sites 45"
"2025-07-07"|0.9833329999999999|428291.5932|421139.1204|25269204|"Sites 45"
"2025-07-08"|0.9833329999999999|436683.1888|429390.5709|25764308.14|"Sites 45"
"2025-07-09"|0.9833329999999999|415964.8136|409018.1977|24541924|"Sites 45"
"2025-07-10"|0.7|429464.3333|300625.031|18037502|"Sites 45"
"2025-07-11"|0.7|478868.381|335207.866|20112472|"Sites 45"
"2025-07-12"|0.566667|507304.3529|287438.6447|17248348|"Sites 45"
"2025-07-13"|0.616667|460335.4551|283842.8385|17032411.84|"Sites 45"
"2025-07-14"|0.833333|430959.02|359118.1514|21547951|"Sites 45"
"2025-07-15"|0.7666670000000001|422635.7174|323992.5353|19441243|"Sites 45"
"2025-07-16"|0.966667|455193.7241|439990.2498|26401236|"Sites 45"
"2025-07-17"|0.9833329999999999|427714.0169|420571.186|25235127|"Sites 45"
"2025-07-18"|0.933333|454250.8296|423952.2903|25438046.46|"Sites 45"
"2025-07-19"|0.85|457513.3575|388886.3475|23333181.23|"Sites 45"
"2025-07-20"|0.783333|446296.4034|349583.9701|20975930.96|"Sites 45"
"2025-07-21"|0.616667|456044.7297|281197.1744|16873655|"Sites 45"
"2025-07-22"|0.416667|456186.76|190047.4042|11404669|"Sites 45"
"2025-07-23"|0.566667|487520.7721|276229.2683|16575706.25|"Sites 45"
"2025-07-24"|0.75|479236.0889|359427.06|21565624|"Sites 45"
"2025-07-25"|0.9|510105.0989|459094.581|27545675.34|"Sites 45"
"2025-07-26"|0.95|464962.7719|441714.6315|26502878|"Sites 45"
"2025-07-27"|0.816667|463676.2041|378637.9849|22720134|"Sites 45"
"2025-07-28"|0.833333|448575.6|373798.0475|22428780|"Sites 45"
"2025-07-29"|0.8833329999999999|444197.4906|392359.6429|23542467|"Sites 45"
"2025-07-30"|0.75|452554.8444|339416.13|20364968|"Sites 45"
"2025-07-31"|0.666667|513274.975|342149.095|20530999|"Sites 45"
"2025-08-01"|0.5333330000000001|626922.4375|334337.7319|20061518|"Sites 45"
"2025-08-02"|0.55|618273.0909|340050.1995|20403012|"Sites 45"
"2025-08-03"|0.566667|595444.0588|337378.5987|20245098|"Sites 45"
"2025-08-04"|0.616667|579724.7297|357458.2624|21449815|"Sites 45"
"2025-08-05"|0.683333|616894.2927|421523.8684|25292666|"Sites 45"
"2025-08-06"|0.7666670000000001|673016.4348|515934.3952|30958756|"Sites 45"
"2025-08-07"|0.783333|698553.6596|547177.074|32832022|"Sites 45"
"2025-08-08"|0.8666670000000001|677968.3077|587527.3288|35254352|"Sites 45"
"2025-08-09"|0.8833329999999999|704868.0943|622609.9839|37358009|"Sites 45"
"2025-08-10"|0.8|602417.375|481933.896|28916034|"Sites 45"
"2025-08-11"|0.9833329999999999|504948.1356|496515.4962|29791940|"Sites 45"
"2025-08-12"|1|477663.05|477663.05|28659783|"Sites 45"
"2025-08-13"|0.966667|465288.4655|449747.8254|26986731|"Sites 45"
"2025-08-14"|0.8666670000000001|480640.2115|416522.806|24993291|"Sites 45"
"2025-08-15"|1|464328.8333|464328.83|27859730|"Sites 45"
"2025-08-16"|0.65|501361.7949|325885.1635|19553110|"Sites 45"
"2025-08-17"|0.616667|487896.0541|300836.7044|18052154|"Sites 45"
"2025-08-18"|0.5|529147.1|264573.55|15874413|"Sites 45"
"2025-08-19"|0.7|455441|318808.7|19128522|"Sites 45"
"2025-08-20"|0.95|452343.2281|429726.059|25783564|"Sites 45"
"2025-08-21"|0.916667|474822.8182|435222.5876|26115255|"Sites 45"
"2025-08-22"|0.816667|444520.2857|362995.2606|21781494|"Sites 45"
"2025-08-23"|0.666667|493656.975|329071.7362|19746279|"Sites 45"
"2025-08-24"|0.5|448532.1333|224266.065|13455964|"Sites 45"
"2025-08-25"|0.583333|463821|270546.7893|16233735|"Sites 45"
"2025-08-26"|0.6|439478.6667|263687.196|15821232|"Sites 45"
"2025-08-27"|0.7666670000000001|454222.0652|348206.6312|20894215|"Sites 45"
"2025-08-28"|0.683333|447124.7317|305520.328|18332114|"Sites 45"
"2025-08-29"|0.566667|450511.4453|255259.7819|15317389.14|"Sites 45"
"2025-08-30"|0.566667|481252.7353|272677.7968|16362593|"Sites 45"
"2025-08-31"|0.483333|475446.7586|229783.4143|13787956|"Sites 45"
"2025-09-01"|0.45|429808.7407|193413.933|11604836|"Sites 45"
"2025-09-02"|0.38333300000000003|461554.0435|176913.6635|10615743|"Sites 45"
"2025-09-03"|0.7|443477.4286|310434.194|18626052|"Sites 45"
"2025-09-04"|0.75|440895.9333|330671.9475|19840317|"Sites 45"
"2025-09-05"|0.633333|498299.3684|315572.9847|18935376|"Sites 45"
"2025-09-06"|0.6|501944.1667|301166.496|18069990|"Sites 45"
"2025-09-07"|0.5333330000000001|506251.5625|269983.9569|16200050|"Sites 45"
"2025-09-08"|0.583333|453629.9714|264602.3615|15877049|"Sites 45"
"2025-09-09"|0.666667|464253.05|309471.0831|18570122|"Sites 45"
"2025-09-10"|0.666667|405478.6103|270292.0414|16219144.41|"Sites 45"
"2025-09-11"|0.7|405403.1667|283782.212|17026933|"Sites 45"
"2025-09-12"|0.6|430870.6389|258522.378|15511343|"Sites 45"
"2025-09-13"|0.45|429724.2819|193375.926|11602555.61|"Sites 45"
"2025-09-14"|0.38333300000000003|428872.4783|164386.8178|9864067|"Sites 45"
"2025-09-15"|0.416667|414033.72|172486.4478|10350843|"Sites 45"
"2025-09-16"|0.483333|388574.7586|187798.1767|11268668|"Sites 45"
"2025-09-17"|0.583333|413922.1429|241440.7843|14487275|"Sites 45"
"2025-09-18"|0.683333|448989.5122|306794.5322|18408570|"Sites 45"
"2025-09-19"|0.5333330000000001|442287.2188|235871.7691|14153191|"Sites 45"
"2025-09-20"|0.5|444933.5667|222466.78|13348007|"Sites 45"
"2025-09-21"|0.45|433495.0741|195072.7815|11704367|"Sites 45"
"2025-09-22"|0.516667|401668|207501.6888|12451708|"Sites 45"
"2025-09-23"|0.55|394281.7576|216854.9625|13011298|"Sites 45"
"2025-09-24"|0.8|360643.2708|288514.6166|17310877|"Sites 45"
"2025-09-25"|0.716667|376061.8605|269511.1254|16170660|"Sites 45"
"2025-09-26"|0.55|365966.1861|201281.4024|12076884.14|"Sites 45"
"2025-09-27"|0.466667|345733.3157|161342.3292|9680532.84|"Sites 45"
"2025-09-28"|0.36666699999999997|403840.5705|148075.0105|8884492.55|"Sites 45"
"2025-09-29"|0.36666699999999997|352252.3841|129159.3249|7749552.45|"Sites 45"
"2025-09-30"|0.316667|349322.9621|110619.0544|6637136.28|"Sites 45"
"2025-10-01"|0.216667|380602.4031|82463.9809|4947831.24|"Sites 45"
"2025-10-02"|0.18333300000000002|355755.3009|65221.6866|3913308.31|"Sites 45"
"2025-10-03"|0.133333|377308.0513|50307.6144|3018464.41|"Sites 45"
"2025-10-04"|0.15|378150.7222|56722.6083|3403356.5|"Sites 45"
"2025-10-05"|0.116667|372761.5443|43488.9711|2609330.81|"Sites 45"
"2025-10-06"|0.15|401667.1589|60250.0738|3615004.43|"Sites 45"
"2025-10-07"|0.18333300000000002|396019.6382|72603.4683|4356216.02|"Sites 45"
"2025-10-08"|0.266667|395430.2206|105448.1906|6326883.53|"Sites 45"
"2025-10-09"|0.36666699999999997|429264.6945|157397.1977|9443823.28|"Sites 45"
"2025-10-10"|0.36666699999999997|440122.06|161378.2354|9682685.32|"Sites 45"
"2025-10-11"|0.266667|445288.6475|118743.7878|7124618.36|"Sites 45"
"2025-10-12"|0.16666699999999998|412653.102|68775.6546|4126531.02|"Sites 45"
"2025-10-13"|0.116667|447130.1557|52165.3339|3129911.09|"Sites 45"
"2025-10-14"|0.216667|463615.8638|100450.2584|6027006.23|"Sites 45"
"2025-10-15"|0.233333|437844.425|102163.5532|6129821.95|"Sites 45"
"2025-10-16"|0.233333|462628.2786|107946.4441|6476795.9|"Sites 45"
"2025-10-17"|0.16666699999999998|512956.883|85492.9848|5129568.83|"Sites 45"
"2025-10-18"|0.033333|611728.805|20390.7563|1223457.61|"Sites 45"
"2025-10-19"|0.05|510492.5033|25524.6252|1531477.51|"Sites 45"
"2025-10-20"|0.1|410246.2517|41024.6252|2461477.51|"Sites 45"
"2025-10-21"|0.7333329999999999|319494.9389|234296.182|14057777.31|"Sites 45"
"2025-10-22"|0.666667|307442.729|204961.9218|12297709.16|"Sites 45"
"2025-10-23"|0.716667|326877.1433|234262.0617|14055717.16|"Sites 45"
"2025-10-24"|0.75|330711.6133|248033.71|14882022.6|"Sites 45"
"2025-10-25"|0.18333300000000002|397974.7536|72961.9055|4377722.29|"Sites 45"
"2025-10-26"|0.116667|385902|45022.0286|2701314|"Sites 45"
"2025-10-27"|0.08333299999999999|424262.8|35355.0919|2121314|"Sites 45"
"2025-10-28"|0.1|475299|47529.9|2851794|"Sites 45"
"2025-10-29"|0.133333|617347.425|82312.7842|4938779.4|"Sites 45"
"2025-10-30"|0.266667|460455.58|122788.3082|7367289.28|"Sites 45"
"2025-10-31"|0.3|439741.505|131922.4515|7915347.09|"Sites 45"
"2025-11-01"|0.36666699999999997|404378.9077|148272.4009|8896335.97|"Sites 45"
"2025-11-02"|0.3|411306.9689|123392.0907|7403525.44|"Sites 45"
"2025-11-03"|0.266667|439799.5575|117280.0286|7036792.92|"Sites 45"
"2025-11-04"|0.266667|457692.1119|122051.3824|7323073.79|"Sites 45"
"2025-11-05"|0.25|465317.694|116329.4235|6979765.41|"Sites 45"
"2025-11-06"|0.05|576516|28825.8|1729548|"Sites 45"
"2025-11-07"|0.016667|410000|6833.47|410000|"Sites 45"
"2025-11-08"|0.033333|442335|14744.3526|884670|"Sites 45"
"2025-11-09"|0.05|474421.6667|23721.0833|1423265|"Sites 45"
"2025-11-10"|0.05|474421.6667|23721.0833|1423265|"Sites 45"
"2025-11-11"|0.133333|438827.205|58510.1477|3510617.64|"Sites 45"
"2025-11-12"|0.316667|426372.8079|135018.198|8101083.35|"Sites 45"
"2025-11-13"|0.4|444080.4454|177632.1782|10657930.69|"Sites 45"
"2025-11-14"|0.283333|452952.0376|128336.2597|7700184.64|"Sites 45"
"2025-11-15"|0.316667|482463.5589|152780.2878|9166807.62|"Sites 45"
"2025-11-16"|0.2|473513.0908|94702.6182|5682157.09|"Sites 45"
"2025-11-17"|0.133333|488272.245|65102.8032|3906177.96|"Sites 45"
"2025-11-18"|0.08333299999999999|422562.188|35213.3748|2112810.94|"Sites 45"
"2025-11-19"|0.15|501342.4667|75201.37|4512082.2|"Sites 45"
"2025-11-20"|0.216667|430070.8054|93182.1512|5590920.47|"Sites 45"
"2025-11-21"|0.333333|402312.7675|134104.1217|8046255.35|"Sites 45"
"2025-11-22"|0.4|335377.3063|134150.9225|8049055.35|"Sites 45"
"2025-11-23"|0.08333299999999999|446203.572|37183.4823|2231017.86|"Sites 45"
"2025-11-24"|0.133333|434889.685|57985.1464|3479117.48|"Sites 45"
"2025-11-25"|0.116667|460092.2686|53677.5847|3220645.88|"Sites 45"
"2025-11-26"|0.133333|463095.6425|61745.9313|3704765.14|"Sites 45"
"2025-11-27"|0.283333|419817.8559|118948.2526|7136903.55|"Sites 45"
"2025-11-28"|0.36666699999999997|412174.5191|151130.7944|9067839.42|"Sites 45"
"2025-11-29"|0.3|499074.0789|149722.2237|8983333.42|"Sites 45"
"2025-11-30"|0.16666699999999998|480504.842|80084.3005|4805048.42|"Sites 45"
"2025-12-01"|0.06666699999999999|448729.92|29915.4776|1794919.68|"Sites 45"
"2025-12-02"|0.033333|685983.94|22865.9027|1371967.88|"Sites 45"
"2025-12-03"|0.15|457031.9433|68554.7915|4113287.49|"Sites 45"
"2025-12-04"|0.05|751095.83|37554.7915|2253287.49|"Sites 45"
"2025-12-05"|0.1|590841.7817|59084.1782|3545050.69|"Sites 45"
"2025-12-06"|0.116667|592316.92|69103.8381|4146218.44|"Sites 45"
"2025-12-07"|0.1|620930.0067|62093.0007|3725580.04|"Sites 45"
"2025-12-08"|0.05|361333.3333|18066.6667|1084000|"Sites 45"
"2025-12-09"|0.033333|310000|10333.23|620000|"Sites 45"
"2025-12-10"|0.033333|310000|10333.23|620000|"Sites 45"
"2025-12-11"|0.05|547066.6667|27353.3333|1641200|"Sites 45"
"2025-12-12"|0.05|581986.6667|29099.3333|1745960|"Sites 45"
"2025-12-13"|0.08333299999999999|591225.4|49268.5863|2956127|"Sites 45"
"2025-12-14"|0.1|538133.1667|53813.3167|3228799|"Sites 45"
"2025-12-15"|0.16666699999999998|534513.455|89085.754|5345134.55|"Sites 45"
"2025-12-16"|0.116667|520819.3643|60762.4328|3645735.55|"Sites 45"
"2025-12-17"|0.08333299999999999|555460.182|46288.1633|2777300.91|"Sites 45"
"2025-12-18"|0.116667|542685.2729|63313.4627|3798796.91|"Sites 45"
"2025-12-19"|0.25|443281.4607|110820.3652|6649221.91|"Sites 45"
"2025-12-20"|0.416667|504537.0468|210223.9377|12613426.17|"Sites 45"
"2025-12-21"|0.416667|497089.564|207120.8174|12427239.1|"Sites 45"
"2025-12-22"|0.283333|550081.3276|155856.1928|9351382.57|"Sites 45"
"2025-12-23"|0.333333|571072.135|190357.188|11421442.7|"Sites 45"
"2025-12-24"|0.333333|600878.928|200292.7757|12017578.56|"Sites 45"
"2025-12-25"|0.18333300000000002|519756.7345|95288.5614|5717324.08|"Sites 45"
"2025-12-26"|0.15|514341.6356|77151.2453|4629074.72|"Sites 45"
"2025-12-27"|0.15|517462.3022|77619.3453|4657160.72|"Sites 45"
"2025-12-28"|0.266667|460173.8888|122713.1904|7362782.22|"Sites 45"
"2025-12-29"|0.2|401996.8058|80399.3612|4823961.67|"Sites 45"
"2025-12-30"|0.1|446947.9283|44694.7928|2681687.57|"Sites 45"
"2025-12-31"|0.1|605060.0267|60506.0027|3630360.16|"Sites 45"
"2025-01-01"|0.5|339578.8983|169789.445|10187366.95|"Sites Recreo"
"2025-01-02"|0.616667|316711.2973|195284.1814|11718318|"Sites Recreo"
"2025-01-03"|0.5333330000000001|336555.8484|179485.2295|10769787.15|"Sites Recreo"
"2025-01-04"|0.7333329999999999|341214.2868|250212.4315|15013428.62|"Sites Recreo"
"2025-01-05"|0.683333|374127.3098|255641.1841|15339219.7|"Sites Recreo"
"2025-01-06"|0.566667|326292.7059|184877.4438|11093952|"Sites Recreo"
"2025-01-07"|0.683333|301780.0951|206206.3355|12372983.9|"Sites Recreo"
"2025-01-08"|0.666667|305247.45|203477.9502|12209898|"Sites Recreo"
"2025-01-09"|0.8666670000000001|301113.6731|260945.1064|15657911|"Sites Recreo"
"2025-01-10"|0.683333|309406.8466|211417.6938|12685680.71|"Sites Recreo"
"2025-01-11"|0.616667|299274.9324|184532.9218|11073172.5|"Sites Recreo"
"2025-01-12"|0.35|276968.51|96938.9785|5816338.71|"Sites Recreo"
"2025-01-13"|0.583333|287191.87|167519.0178|10051715.45|"Sites Recreo"
"2025-01-14"|0.783333|295285.2196|231296.905|13878405.32|"Sites Recreo"
"2025-01-15"|0.85|288571.4643|245285.741|14717144.68|"Sites Recreo"
"2025-01-16"|0.8666670000000001|293220.4188|254104.8073|15247461.78|"Sites Recreo"
"2025-01-17"|0.55|277510.14|152630.577|9157834.62|"Sites Recreo"
"2025-01-18"|0.416667|265887.2888|110768.6408|6647182.22|"Sites Recreo"
"2025-01-19"|0.416667|274857.6156|114505.6803|6871440.39|"Sites Recreo"
"2025-01-20"|0.483333|306020.5172|147899.7125|8874595|"Sites Recreo"
"2025-01-21"|0.8666670000000001|310699.2133|269251.9354|16156359.09|"Sites Recreo"
"2025-01-22"|0.833333|300073.447|250051.1976|15003672.35|"Sites Recreo"
"2025-01-23"|0.8666670000000001|292705.5044|253658.5863|15220686.23|"Sites Recreo"
"2025-01-24"|0.633333|285182.2745|180605.9316|10836926.43|"Sites Recreo"
"2025-01-25"|0.38333300000000003|280532.3987|107528.0651|6452245.17|"Sites Recreo"
"2025-01-26"|0.25|257184.2887|64296.07|3857764.33|"Sites Recreo"
"2025-01-27"|0.75|269078.6|201808.95|12108537|"Sites Recreo"
"2025-01-28"|0.916667|283579.1778|259928.6672|15596854.78|"Sites Recreo"
"2025-01-29"|0.9833329999999999|292964.1186|288071.6094|17284883|"Sites Recreo"
"2025-01-30"|0.8|292075.5833|233660.464|14019628|"Sites Recreo"
"2025-01-31"|0.466667|290674.7143|135628.8197|8138892|"Sites Recreo"
"2025-02-01"|0.35|296437|103752.95|6225177|"Sites Recreo"
"2025-02-02"|0.18333300000000002|300291.6364|55043.4558|3303208|"Sites Recreo"
"2025-02-03"|0.716667|295103.2644|211470.9961|12689440.37|"Sites Recreo"
"2025-02-04"|0.8|306082.125|244865.696|14691942|"Sites Recreo"
"2025-02-05"|0.833333|312941.1|260773.8186|15647055|"Sites Recreo"
"2025-02-06"|0.8833329999999999|317515.3992|280461.344|16828316.16|"Sites Recreo"
"2025-02-07"|0.566667|295268.6765|167299.2284|10039135|"Sites Recreo"
"2025-02-08"|0.36666699999999997|268385.4091|98390.0876|5904479|"Sites Recreo"
"2025-02-09"|0.233333|285478.2857|66602.0827|3996696|"Sites Recreo"
"2025-02-10"|0.5|303706.8667|151853.43|9111206|"Sites Recreo"
"2025-02-11"|0.833333|300609.42|250497.8297|15030471|"Sites Recreo"
"2025-02-12"|0.9833329999999999|309174.1864|304010.9712|18241277|"Sites Recreo"
"2025-02-13"|0.85|309795.4902|263326.1665|15799570|"Sites Recreo"
"2025-02-14"|0.483333|313134.2414|151337.7782|9080893|"Sites Recreo"
"2025-02-15"|0.45|320602.0741|144270.9315|8656256|"Sites Recreo"
"2025-02-16"|0.15|290842.8644|43626.429|2617585.78|"Sites Recreo"
"2025-02-17"|0.8833329999999999|241902.0402|213672.0719|12820808.13|"Sites Recreo"
"2025-02-18"|0.783333|369475.383|289410.0652|17365343|"Sites Recreo"
"2025-02-19"|0.933333|311127.5714|290375.3611|17423144|"Sites Recreo"
"2025-02-20"|0.966667|309648.4483|299306.1821|17959610|"Sites Recreo"
"2025-02-21"|0.7333329999999999|306941.4545|225080.1653|13505424|"Sites Recreo"
"2025-02-22"|0.5333330000000001|307371.5625|163921.2529|9835890|"Sites Recreo"
"2025-02-23"|0.266667|313432.8169|83561.1871|5014925.07|"Sites Recreo"
"2025-02-24"|0.8|292641.2292|234112.976|14046779|"Sites Recreo"
"2025-02-25"|0.9|294335.3933|264901.851|15894111.24|"Sites Recreo"
"2025-02-26"|0.966667|305398.0862|295197.7841|17713089|"Sites Recreo"
"2025-02-27"|0.5333330000000001|323485.4025|172514.7638|10351532.88|"Sites Recreo"
"2025-02-28"|0.283333|317898.7059|90060.7017|5404278|"Sites Recreo"
"2025-03-01"|0.35|324496.2857|113573.698|6814422|"Sites Recreo"
"2025-03-02"|0.333333|325519.1025|108495.516|6510382.05|"Sites Recreo"
"2025-03-03"|0.566667|311991.2815|176774.2592|10607703.57|"Sites Recreo"
"2025-03-04"|0.933333|314021.6145|293076.3686|17585210.41|"Sites Recreo"
"2025-03-05"|0.966667|312086.0995|301662.4146|18100993.77|"Sites Recreo"
"2025-03-06"|0.7666670000000001|315719.0833|242030.2467|14523077.83|"Sites Recreo"
"2025-03-07"|0.583333|307226.6009|179205.2758|10752931.03|"Sites Recreo"
"2025-03-08"|0.633333|311009.7355|196962.462|11818369.95|"Sites Recreo"
"2025-03-09"|0.233333|314084.5921|73275.9348|4397184.29|"Sites Recreo"
"2025-03-10"|0.783333|301345.4255|236043.8675|14163235|"Sites Recreo"
"2025-03-11"|0.95|308003.0526|292602.8975|17556174|"Sites Recreo"
"2025-03-12"|0.933333|311888.4464|291085.4811|17465753|"Sites Recreo"
"2025-03-13"|0.7|314251.8417|219976.288|13198577.35|"Sites Recreo"
"2025-03-14"|0.483333|311160.1724|150383.7102|9023645|"Sites Recreo"
"2025-03-15"|0.233333|279342.0907|65170.5096|3910789.27|"Sites Recreo"
"2025-03-16"|0.16666699999999998|299234.835|49852.5227|2992348.35|"Sites Recreo"
"2025-03-17"|0.7666670000000001|312697.4733|239713.8805|14384083.77|"Sites Recreo"
"2025-03-18"|0.9833329999999999|303494.5664|298426.2008|17906179.42|"Sites Recreo"
"2025-03-19"|1|301268.6057|301268.6|18076116.34|"Sites Recreo"
"2025-03-20"|0.966667|310069.6379|299713.3044|17984039|"Sites Recreo"
"2025-03-21"|0.783333|319660.4468|250390.0227|15024041|"Sites Recreo"
"2025-03-22"|0.7|321603.8129|225122.667|13507360.14|"Sites Recreo"
"2025-03-23"|0.65|360204.7156|234133.0615|14047983.91|"Sites Recreo"
"2025-03-24"|0.4|293842.3171|117536.924|7052215.61|"Sites Recreo"
"2025-03-25"|0.616667|314746.5676|194072.7289|11645623|"Sites Recreo"
"2025-03-26"|0.933333|328095.2857|306211.3248|18373336|"Sites Recreo"
"2025-03-27"|1|346100.1333|346100.13|20766008|"Sites Recreo"
"2025-03-28"|0.9833329999999999|363741.8983|357667.4004|21460772|"Sites Recreo"
"2025-03-29"|0.9833329999999999|375079.462|368815.633|22129688.26|"Sites Recreo"
"2025-03-30"|0.8666670000000001|351433.4615|304552.2364|18274540|"Sites Recreo"
"2025-03-31"|0.9833329999999999|358655.3898|352665.8352|21160668|"Sites Recreo"
"2025-04-01"|0.9833329999999999|339287.5085|333621.3988|20017963|"Sites Recreo"
"2025-04-02"|0.966667|332396.566|321294.5149|19279000.83|"Sites Recreo"
"2025-04-03"|0.933333|328504.1929|306592.9605|18396234.8|"Sites Recreo"
"2025-04-04"|0.666667|330200.35|220111.5533|13208014|"Sites Recreo"
"2025-04-05"|0.683333|334741.0732|228728.5731|13724384|"Sites Recreo"
"2025-04-06"|0.36666699999999997|358884.1827|131566.9404|7895452.02|"Sites Recreo"
"2025-04-07"|0.833333|303150.72|252615.495|15157536|"Sites Recreo"
"2025-04-08"|0.916667|312068.4545|286041.9413|17163765|"Sites Recreo"
"2025-04-09"|0.9|317215.478|285493.923|17129635.81|"Sites Recreo"
"2025-04-10"|0.9|312477.2963|281229.561|16873774|"Sites Recreo"
"2025-04-11"|0.316667|286323.6047|90650.0518|5440148.49|"Sites Recreo"
"2025-04-12"|0.583333|310454.8943|181088.3373|10865921.3|"Sites Recreo"
"2025-04-13"|0.433333|339427.8954|147074.1047|8825125.28|"Sites Recreo"
"2025-04-14"|0.416667|320068.56|133340.5621|8001714|"Sites Recreo"
"2025-04-15"|0.36666699999999997|333200.1818|122151.186|7330404|"Sites Recreo"
"2025-04-16"|0.45|341273.8889|153573.246|9214395|"Sites Recreo"
"2025-04-17"|0.616667|314908.9008|194172.8277|11651629.33|"Sites Recreo"
"2025-04-18"|0.633333|300586.5542|190361.4621|11422289.06|"Sites Recreo"
"2025-04-19"|0.35|309764.8014|108417.68|6505060.83|"Sites Recreo"
"2025-04-20"|0.16666699999999998|336934.847|56133.3443|3369348.47|"Sites Recreo"
"2025-04-21"|0.65|304697.1795|198053.1605|11883190|"Sites Recreo"
"2025-04-22"|0.95|305120.3333|289864.3135|17391859|"Sites Recreo"
"2025-04-23"|0.933333|307900.6786|287363.6953|17242438|"Sites Recreo"
"2025-04-24"|0.8833329999999999|309477.3774|273361.3609|16402301|"Sites Recreo"
"2025-04-25"|0.483333|308886.1724|149284.686|8957699|"Sites Recreo"
"2025-04-26"|0.38333300000000003|297343.1739|113971.6371|6838893|"Sites Recreo"
"2025-04-27"|0.25|316931.4|79232.85|4753971|"Sites Recreo"
"2025-04-28"|0.933333|286939.625|267800.7473|16068619|"Sites Recreo"
"2025-04-29"|0.95|283386.1404|269216.833|16153010|"Sites Recreo"
"2025-04-30"|0.5333330000000001|259419.2188|138348.2647|8301415|"Sites Recreo"
"2025-05-01"|0.38333300000000003|246058.6957|94314.2959|5659350|"Sites Recreo"
"2025-05-02"|0.316667|328835.7368|104109.3921|6247879|"Sites Recreo"
"2025-05-03"|0.3|301925.5556|90577.665|5434660|"Sites Recreo"
"2025-05-04"|0.25|304596.7333|76149.1825|4568951|"Sites Recreo"
"2025-05-05"|0.933333|313353.4464|292452.7656|17547793|"Sites Recreo"
"2025-05-06"|0.95|306854.7368|291511.9935|17490720|"Sites Recreo"
"2025-05-07"|0.9|309707.0163|278736.309|16724178.88|"Sites Recreo"
"2025-05-08"|0.666667|313974.1918|209295.1951|12558967.67|"Sites Recreo"
"2025-05-09"|0.5333330000000001|300455.9063|160233.1315|9614589|"Sites Recreo"
"2025-05-10"|0.283333|304338.3529|86219.0546|5173752|"Sites Recreo"
"2025-05-11"|0.266667|309690.4375|82563.4686|4955047|"Sites Recreo"
"2025-05-12"|0.616667|295801.2162|182391.0261|10944645|"Sites Recreo"
"2025-05-13"|0.9|271981.3519|244783.215|14686993|"Sites Recreo"
"2025-05-14"|1|281038.6667|281038.66|16862320|"Sites Recreo"
"2025-05-15"|0.8666670000000001|347973.3462|301553.6964|18094614|"Sites Recreo"
"2025-05-16"|0.7|297573.714|208301.597|12498095.99|"Sites Recreo"
"2025-05-17"|0.316667|299828.7368|94925.7759|5696746|"Sites Recreo"
"2025-05-18"|0.283333|340699.39|96520.1372|5791889.63|"Sites Recreo"
"2025-05-19"|0.966667|312146.3793|301720.6812|18104490|"Sites Recreo"
"2025-05-20"|0.95|299980.7193|284981.6745|17098901|"Sites Recreo"
"2025-05-21"|0.9833329999999999|309247.1864|304082.7521|18245584|"Sites Recreo"
"2025-05-22"|0.916667|306660.0909|281084.6385|16866305|"Sites Recreo"
"2025-05-23"|0.616667|295370.5676|182125.4873|10928711|"Sites Recreo"
"2025-05-24"|0.416667|278792.92|116145.1305|6969823|"Sites Recreo"
"2025-05-25"|0.416667|288974.5864|120386.81|7224364.66|"Sites Recreo"
"2025-05-26"|0.65|313673.8944|203888.0285|12233281.88|"Sites Recreo"
"2025-05-27"|0.633333|309941.6053|196286.0153|11777781|"Sites Recreo"
"2025-05-28"|0.65|314971.1026|204731.215|12283873|"Sites Recreo"
"2025-05-29"|0.616667|311092.7568|191819.7897|11510432|"Sites Recreo"
"2025-05-30"|0.433333|308996.8077|133888.3134|8033917|"Sites Recreo"
"2025-05-31"|0.38333300000000003|297242.3478|113932.9889|6836574|"Sites Recreo"
"2025-06-01"|0.283333|299272.7647|84783.9729|5087637|"Sites Recreo"
"2025-06-02"|0.266667|295749.5888|78846.838|4731993.42|"Sites Recreo"
"2025-06-03"|0.516667|297649.6129|153765.7885|9227138|"Sites Recreo"
"2025-06-04"|0.616667|303017.6757|186840.6953|11211654|"Sites Recreo"
"2025-06-05"|0.583333|295196.0649|172187.8618|10331862.27|"Sites Recreo"
"2025-06-06"|0.583333|292963.5143|170885.6154|10253723|"Sites Recreo"
"2025-06-07"|0.5333330000000001|261891.1563|139666.5503|8380517|"Sites Recreo"
"2025-06-08"|0.1|274560.7767|27456.077|1647364.66|"Sites Recreo"
"2025-06-09"|0.583333|288574.664|168325.5992|10100113.24|"Sites Recreo"
"2025-06-10"|0.616667|302721.8108|186658.268|11200707|"Sites Recreo"
"2025-06-11"|0.583333|299764.2|174852.4579|10491747|"Sites Recreo"
"2025-06-12"|0.583333|319307.8857|186252.2864|11175776|"Sites Recreo"
"2025-06-13"|0.516667|375950.129|194215.832|11654454|"Sites Recreo"
"2025-06-14"|0.75|353005.2182|264753.9075|15885234.82|"Sites Recreo"
"2025-06-15"|0.433333|405170.1923|175560.2433|10534425|"Sites Recreo"
"2025-06-16"|0.583333|393341.0571|229435.8345|13766937|"Sites Recreo"
"2025-06-17"|0.683333|428398.561|292724.736|17564341|"Sites Recreo"
"2025-06-18"|0.9|457547.3704|411792.633|24707558|"Sites Recreo"
"2025-06-19"|1|490593.8952|490593.89|29435633.71|"Sites Recreo"
"2025-06-20"|1|512674.8317|512674.83|30760489.9|"Sites Recreo"
"2025-06-21"|0.9833329999999999|522679.7703|513951.0178|30838106.45|"Sites Recreo"
"2025-06-22"|0.85|435532.4116|370202.5485|22212152.99|"Sites Recreo"
"2025-06-23"|0.566667|322935.4318|182975.2146|10979804.68|"Sites Recreo"
"2025-06-24"|0.7|326798.4762|228758.929|13725536|"Sites Recreo"
"2025-06-25"|0.95|337499.0979|320624.1355|19237448.58|"Sites Recreo"
"2025-06-26"|0.95|335264.2223|318501.009|19110060.67|"Sites Recreo"
"2025-06-27"|0.916667|353386.0045|323913.6076|19436230.25|"Sites Recreo"
"2025-06-28"|0.716667|368698.0465|264209.0155|15854016|"Sites Recreo"
"2025-06-29"|0.7666670000000001|347213.7135|266174.0301|15971830.82|"Sites Recreo"
"2025-06-30"|0.633333|357159.4474|226189.0734|13572059|"Sites Recreo"
"2025-07-01"|0.7333329999999999|340568.25|249738.6977|14985003|"Sites Recreo"
"2025-07-02"|0.966667|339889.3276|328537.0167|19713581|"Sites Recreo"
"2025-07-03"|0.966667|328595.2069|317620.1203|19058522|"Sites Recreo"
"2025-07-04"|0.65|350008.3867|227505.447|13650327.08|"Sites Recreo"
"2025-07-05"|0.666667|329848.4|219876.9434|13193936|"Sites Recreo"
"2025-07-06"|0.35|296669.2514|103834.2375|6230054.28|"Sites Recreo"
"2025-07-07"|0.616667|289857.42|178726.0852|10724724.54|"Sites Recreo"
"2025-07-08"|0.816667|294576.7959|240551.4067|14434263|"Sites Recreo"
"2025-07-09"|0.9|305064.8889|274558.392|16473504|"Sites Recreo"
"2025-07-10"|0.95|306645.4737|291313.1965|17478792|"Sites Recreo"
"2025-07-11"|0.666667|302190.296|201440.0473|12087611.84|"Sites Recreo"
"2025-07-12"|0.6|295497.8056|177298.68|10637921|"Sites Recreo"
"2025-07-13"|0.433333|287755.0404|124684.2588|7481631.05|"Sites Recreo"
"2025-07-14"|0.7|303623.5714|212536.499|12752190|"Sites Recreo"
"2025-07-15"|0.9|301398.5926|271258.731|16275524|"Sites Recreo"
"2025-07-16"|0.966667|307855.2284|297572.8557|17855603.25|"Sites Recreo"
"2025-07-17"|0.966667|308090.3448|297800.1226|17869240|"Sites Recreo"
"2025-07-18"|0.516667|297895.8013|153892.9703|9234769.84|"Sites Recreo"
"2025-07-19"|0.666667|280333.6028|186870.3778|11213344.11|"Sites Recreo"
"2025-07-20"|0.333333|271028.649|90333.8457|5420572.98|"Sites Recreo"
"2025-07-21"|0.716667|298381.9535|213820.5054|12830424|"Sites Recreo"
"2025-07-22"|0.8666670000000001|301003.8462|260849.9277|15652200|"Sites Recreo"
"2025-07-23"|0.95|306636.8249|291304.979|17478299.02|"Sites Recreo"
"2025-07-24"|0.9|306178.6667|275560.794|16533648|"Sites Recreo"
"2025-07-25"|0.583333|305375.0857|178125.2842|10688128|"Sites Recreo"
"2025-07-26"|0.566667|296449.76|167968.434|10079291.84|"Sites Recreo"
"2025-07-27"|0.35|298102.5714|104335.8995|6260154|"Sites Recreo"
"2025-07-28"|0.583333|290761.2286|169601.0196|10176643|"Sites Recreo"
"2025-07-29"|0.683333|303693.0976|207513.4884|12451417|"Sites Recreo"
"2025-07-30"|0.716667|330227.5116|236641.0337|14199783|"Sites Recreo"
"2025-07-31"|0.6|323969.0833|194381.448|11662887|"Sites Recreo"
"2025-08-01"|0.4|310853.3454|124341.336|7460480.29|"Sites Recreo"
"2025-08-02"|0.25|318947.2667|79736.815|4784209|"Sites Recreo"
"2025-08-03"|0.18333300000000002|321586.9091|58946.8788|3537456|"Sites Recreo"
"2025-08-04"|0.633333|311446.2632|197238.9165|11834958|"Sites Recreo"
"2025-08-05"|0.666667|325200.725|216778.8|13008029|"Sites Recreo"
"2025-08-06"|0.433333|313931.7692|136026.6316|8162226|"Sites Recreo"
"2025-08-07"|0.38333300000000003|323732.3913|124086.6251|7445845|"Sites Recreo"
"2025-08-08"|0.5|321922.8667|160961.43|9657686|"Sites Recreo"
"2025-08-09"|0.433333|318726.1481|138104.0365|8286879.85|"Sites Recreo"
"2025-08-10"|0.36666699999999997|315477.1818|115653.9342|6940498|"Sites Recreo"
"2025-08-11"|1|317025.6667|317025.66|19021540|"Sites Recreo"
"2025-08-12"|1|325219.6833|325219.68|19513181|"Sites Recreo"
"2025-08-13"|0.9833329999999999|312715.6344|307493.279|18450222.43|"Sites Recreo"
"2025-08-14"|0.85|334347.7059|284195.545|17051733|"Sites Recreo"
"2025-08-15"|0.85|327308.0818|278211.868|16692712.17|"Sites Recreo"
"2025-08-16"|0.933333|333958.5714|311683.5334|18701680|"Sites Recreo"
"2025-08-17"|0.7|330215.1721|231150.619|13869037.23|"Sites Recreo"
"2025-08-18"|0.35|314965.7029|110237.995|6614279.76|"Sites Recreo"
"2025-08-19"|0.916667|316172.0364|289803.2827|17389462|"Sites Recreo"
"2025-08-20"|0.933333|306028.2857|285616.1937|17137584|"Sites Recreo"
"2025-08-21"|1|332370.2167|332370.21|19942213|"Sites Recreo"
"2025-08-22"|0.9|305395.1296|274855.608|16491337|"Sites Recreo"
"2025-08-23"|0.8|317890.0417|254312.032|15258722|"Sites Recreo"
"2025-08-24"|0.333333|339121.379|113029.1526|6782427.58|"Sites Recreo"
"2025-08-25"|0.966667|313445.9828|302976.8843|18179867|"Sites Recreo"
"2025-08-26"|0.9833329999999999|320890.9725|315532.0908|18932567.38|"Sites Recreo"
"2025-08-27"|1|330515.0667|330515.06|19830904|"Sites Recreo"
"2025-08-28"|0.8666670000000001|327621.9615|283917.1905|17036342|"Sites Recreo"
"2025-08-29"|0.36666699999999997|337987.8636|123906.3495|7435733|"Sites Recreo"
"2025-08-30"|0.216667|330865.3846|71665.4413|4301250|"Sites Recreo"
"2025-08-31"|0.18333300000000002|287437.2727|52687.2516|3161810|"Sites Recreo"
"2025-09-01"|0.483333|299499.2759|144747.9972|8685479|"Sites Recreo"
"2025-09-02"|0.566667|296865.9412|168204.2416|10093442|"Sites Recreo"
"2025-09-03"|0.816667|302154.3673|246739.2504|14805564|"Sites Recreo"
"2025-09-04"|0.933333|317385.4752|296215.8592|17773586.61|"Sites Recreo"
"2025-09-05"|0.466667|297871.8064|138986.9819|8340410.58|"Sites Recreo"
"2025-09-06"|0.583333|302407.3531|176394.2073|10584257.36|"Sites Recreo"
"2025-09-07"|0.18333300000000002|330741.5082|60624.917|3638156.59|"Sites Recreo"
"2025-09-08"|0.416667|281509.48|117276.8494|7037737|"Sites Recreo"
"2025-09-09"|0.8833329999999999|298098.2642|263310.1931|15799208|"Sites Recreo"
"2025-09-10"|0.9833329999999999|294102.3915|289190.8801|17352041.1|"Sites Recreo"
"2025-09-11"|0.95|302001.7574|286901.6625|17214100.17|"Sites Recreo"
"2025-09-12"|0.6|285470.905|171282.54|10276952.58|"Sites Recreo"
"2025-09-13"|0.666667|316308.8393|210851.4661|12652353.57|"Sites Recreo"
"2025-09-14"|0.36666699999999997|317839.3241|116519.8947|6992465.13|"Sites Recreo"
"2025-09-15"|0.933333|281515.6071|262738.5095|15764874|"Sites Recreo"
"2025-09-16"|0.966667|308296.8276|297999.7062|17881216|"Sites Recreo"
"2025-09-17"|0.966667|305850.9655|295635.5379|17739356|"Sites Recreo"
"2025-09-18"|0.633333|219336.6316|138905.8878|8334792|"Sites Recreo"
"2025-09-19"|0.55|399035.9206|219469.756|13168185.38|"Sites Recreo"
"2025-09-20"|0.633333|290009.3347|183662.9087|11020354.72|"Sites Recreo"
"2025-09-21"|0.316667|304361.1153|96360.7274|5782861.19|"Sites Recreo"
"2025-09-22"|0.7666670000000001|307685.9565|235872.0493|14153554|"Sites Recreo"
"2025-09-23"|1|308343.3|308343.3|18500598|"Sites Recreo"
"2025-09-24"|1.016667|315166.5462|320419.427|19225159.32|"Sites Recreo"
"2025-09-25"|1|305821.6928|305821.6928|18349301.57|"Sites Recreo"
"2025-09-26"|0.85|312201.73|265371.4705|15922288.23|"Sites Recreo"
"2025-09-27"|0.566667|285953.2459|162040.268|9722410.36|"Sites Recreo"
"2025-09-28"|0.18333300000000002|265321.0909|48642.1116|2918532|"Sites Recreo"
"2025-09-29"|0.2|285476.4008|57095.2802|3425716.81|"Sites Recreo"
"2025-09-30"|0.266667|287534.6044|76675.9904|4600553.67|"Sites Recreo"
"2025-10-01"|0.35|292327.949|102314.7822|6138886.93|"Sites Recreo"
"2025-10-02"|0.36666699999999997|307283.5327|112670.7311|6760237.72|"Sites Recreo"
"2025-10-03"|0.16666699999999998|330271.979|55045.4399|3302719.79|"Sites Recreo"
"2025-10-04"|0.216667|413505.3385|89592.9612|5375569.4|"Sites Recreo"
"2025-10-05"|0.75|328731.668|246548.751|14792925.06|"Sites Recreo"
"2025-10-06"|0.833333|325042.5504|270868.6837|16252127.52|"Sites Recreo"
"2025-10-07"|0.966667|336709.4452|325485.9093|19529147.82|"Sites Recreo"
"2025-10-08"|0.9|345280.5152|310752.4637|18645147.82|"Sites Recreo"
"2025-10-09"|1|342652.062|342652.062|20559123.72|"Sites Recreo"
"2025-10-10"|0.683333|358452.7251|244942.576|14696561.73|"Sites Recreo"
"2025-10-11"|0.75|365709.384|274282.038|16456922.28|"Sites Recreo"
"2025-10-12"|0.6|361580.6525|216948.3915|13016903.49|"Sites Recreo"
"2025-10-13"|0.133333|306855|40913.8977|2454840|"Sites Recreo"
"2025-10-14"|0.233333|303214.2857|70749.8989|4245000|"Sites Recreo"
"2025-10-15"|0.18333300000000002|302363.6364|55433.2326|3326000|"Sites Recreo"
"2025-10-16"|0.16666699999999998|300900|50150.1003|3009000|"Sites Recreo"
"2025-10-17"|0.05|319333.3333|15966.6667|958000|"Sites Recreo"
"2025-10-18"|0.06666699999999999|327500|21833.4425|1310000|"Sites Recreo"
"2025-10-19"|0.016667|380000|6333.46|380000|"Sites Recreo"
"2025-10-20"|0.1|310869.8333|31086.9833|1865219|"Sites Recreo"
"2025-10-21"|0.15|296018.7778|44402.8167|2664169|"Sites Recreo"
"2025-10-22"|0.116667|311176.2143|36303.9954|2178233.5|"Sites Recreo"
"2025-10-23"|0.266667|310237.8894|82730.2073|4963806.23|"Sites Recreo"
"2025-10-24"|0.35|311156.0295|108904.6103|6534276.62|"Sites Recreo"
"2025-10-25"|0.4|305370.1508|122148.0603|7328883.62|"Sites Recreo"
"2025-10-26"|0.08333299999999999|310257.056|25854.6512|1551285.28|"Sites Recreo"
"2025-10-27"|0.033333|289000|9633.237|578000|"Sites Recreo"
"2025-10-28"|0.05|257368.6667|12868.4333|772106|"Sites Recreo"
"2025-10-29"|0.116667|278558.2857|32498.5595|1949908|"Sites Recreo"
"2025-10-30"|0.1|272934.3333|27293.4333|1637606|"Sites Recreo"
"2025-10-31"|0.016667|289000|4816.763|289000|"Sites Recreo"
"2025-11-01"|0.06666699999999999|268995.75|17933.1397|1075983|"Sites Recreo"
"2025-11-02"|0.033333|263840|8794.5787|527680|"Sites Recreo"
"2025-11-03"|0.033333|259393.5|8646.3635|518787|"Sites Recreo"
"2025-11-04"|0.033333|289000|9633.237|578000|"Sites Recreo"
"2025-11-05"|0.033333|289000|9633.237|578000|"Sites Recreo"
"2025-11-06"|0.033333|289000|9633.237|578000|"Sites Recreo"
"2025-11-07"|0.05|268994|13449.7|806982|"Sites Recreo"
"2025-11-08"|0.05|268994|13449.7|806982|"Sites Recreo"
"2025-11-09"|0.05|268994|13449.7|806982|"Sites Recreo"
"2025-11-10"|0.033333|270725|9024.0764|541450|"Sites Recreo"
"2025-11-11"|0.05|273048.3333|13652.4167|819145|"Sites Recreo"
"2025-11-12"|0.033333|283347.5|9444.8222|566695|"Sites Recreo"
"2025-11-13"|0.08333299999999999|285825.13|23818.6656|1429125.65|"Sites Recreo"
"2025-11-14"|0.116667|271589.2271|31685.5004|1901124.59|"Sites Recreo"
"2025-11-15"|0.15|270281.0878|40542.1632|2432529.79|"Sites Recreo"
"2025-11-16"|0.08333299999999999|278101|23174.9906|1390505|"Sites Recreo"
"2025-11-17"|0.08333299999999999|254114.4|21176.1153|1270572|"Sites Recreo"
"2025-11-18"|0.033333|289000|9633.237|578000|"Sites Recreo"
"2025-11-19"|0.05|314555.3333|15727.7667|943666|"Sites Recreo"
"2025-11-20"|0.06666699999999999|283796.5|18919.8613|1135186|"Sites Recreo"
"2025-11-21"|0.033333|279669|9322.2068|559338|"Sites Recreo"
"2025-11-22"|0.033333|279669|9322.2068|559338|"Sites Recreo"
"2025-11-23"|0.033333|279669|9322.2068|559338|"Sites Recreo"
"2025-11-24"|0.016667|317000|5283.439|317000|"Sites Recreo"
"2025-11-25"|0.033333|284472.92|9482.3358|568945.84|"Sites Recreo"
"2025-11-26"|0.033333|284472.92|9482.3358|568945.84|"Sites Recreo"
"2025-11-27"|0.016667|317000|5283.439|317000|"Sites Recreo"
"2025-11-28"|0.05|293943.1133|14697.1557|881829.34|"Sites Recreo"
"2025-11-29"|0.05|267836.4467|13391.8223|803509.34|"Sites Recreo"
"2025-11-30"|0.016667|333765.18|5562.8643|333765.18|"Sites Recreo"
"2025-12-01"|0.016667|222156|3702.6741|222156|"Sites Recreo"
"2025-12-02"|0.016667|244372|4072.9481|244372|"Sites Recreo"
"2025-12-03"|0.016667|244372|4072.9481|244372|"Sites Recreo"
"2025-12-04"|0.05|294829.3333|14741.4667|884488|"Sites Recreo"
"2025-12-05"|0.06666699999999999|282972.54|18864.9303|1131890.16|"Sites Recreo"
"2025-12-06"|0.1|273374.8467|27337.4847|1640249.08|"Sites Recreo"
"2025-12-07"|0.08333299999999999|271312.216|22609.2609|1356561.08|"Sites Recreo"
"2025-12-08"|0.05|276030.5933|13801.5297|828091.78|"Sites Recreo"
"2025-12-09"|0.05|303625.93|15181.2965|910877.79|"Sites Recreo"
"2025-12-10"|0.033333|291058.585|9701.8558|582117.17|"Sites Recreo"
"2025-12-11"|0.133333|316454.09|42193.7732|2531632.72|"Sites Recreo"
"2025-12-12"|0.15|285391.1567|42808.6735|2568520.41|"Sites Recreo"
"2025-12-13"|0.15|285391.1567|42808.6735|2568520.41|"Sites Recreo"
"2025-12-14"|0.016667|266470.15|4441.258|266470.15|"Sites Recreo"
"2025-12-15"|0|0|0|0|"Sites Recreo"
"2025-12-16"|0|0|0|0|"Sites Recreo"
"2025-12-17"|0.033333|297000|9899.901|594000|"Sites Recreo"
"2025-12-18"|0.033333|297000|9899.901|594000|"Sites Recreo"
"2025-12-19"|0.033333|305421|10180.5982|610842|"Sites Recreo"
"2025-12-20"|0.15|277736.7622|41660.5143|2499630.86|"Sites Recreo"
"2025-12-21"|0.1|291617.4767|29161.7477|1749704.86|"Sites Recreo"
"2025-12-22"|0.08333299999999999|300644.836|25053.6361|1503224.18|"Sites Recreo"
"2025-12-23"|0.08333299999999999|371065.812|30922.0273|1855329.06|"Sites Recreo"
"2025-12-24"|0.1|368181.105|36818.1105|2209086.63|"Sites Recreo"
"2025-12-25"|0.05|336402.8433|16820.1422|1009208.53|"Sites Recreo"
"2025-12-26"|0.05|353132.1067|17656.6053|1059396.32|"Sites Recreo"
"2025-12-27"|0.16666699999999998|320476.7|53412.8902|3204767|"Sites Recreo"
"2025-12-28"|0.283333|315775.4188|89469.5967|5368182.12|"Sites Recreo"
"2025-12-29"|0.216667|320751.7223|69496.3134|4169772.39|"Sites Recreo"
"2025-12-30"|0.133333|320129.2325|42683.791|2561033.86|"Sites Recreo"
"2025-12-31"|0.116667|388119.1229|45280.6937|2716833.86|"Sites Recreo"
